,rx_bytes_sum,num_interruptions,duration
0,426,3,0.003072836921667904
1,66,5,0.0005611822624766422
2,85842,14,0.00763161849366155
3,1540,9,0.0017121274869405128
4,293627,144,0.009847090981755511
5,392171,153,0.009974290335962185
6,382802,143,0.009961454469467059
7,403479,148,0.009871665472988095
8,400447,151,0.009934462046366223
9,418911,148,0.009954754467156712
10,403465,152,0.009761924745491292
11,420104,153,0.009973011714831627
12,364906,148,0.009969263437677048
13,375974,150,0.009887455133605219
14,371461,148,0.009786081305545279
15,374705,141,0.009900146862119607
16,404532,141,0.009989450341189773
17,388608,139,0.009969721368869438
18,408854,144,0.009821715800591655
19,398009,144,0.009818702006448968
20,428824,143,0.009978948958258262
21,397473,142,0.00990241375945302
22,419627,142,0.00983728959906538
23,417235,145,0.009984827580975028
24,405323,148,0.009956095846929603
25,413084,152,0.009988906203071104
26,430315,150,0.009916076522785007
27,408948,150,0.009979227579043994
28,419164,150,0.00989814065453126
29,409112,152,0.009993332411493935
30,433594,150,0.009879348234258012
31,427866,153,0.009990322755283708
32,381890,150,0.009970539989841376
33,419706,152,0.009972207576623301
34,396018,151,0.009917206178346958
35,382301,153,0.009994242756635434
36,449632,150,0.00994840136151771
37,416246,150,0.009967755850950293
38,416951,150,0.009945645498498449
39,404362,152,0.009993169652817121
40,422081,148,0.00995364550125707
41,411520,152,0.009910599969172403
42,441270,152,0.009923974456542917
43,399056,149,0.00988346202878001
44,449601,152,0.009968422058076572
45,420995,150,0.009925550319155282
46,418166,152,0.00999795586136409
47,417243,151,0.009937541357772882
48,430314,153,0.009935655839881324
49,398970,151,0.009963194470067058
50,422075,150,0.009842577876750991
51,425031,153,0.00997317654247467
52,394378,154,0.009971511714314384
53,421032,152,0.009979993096549344
54,398327,150,0.009993992411721522
55,426104,149,0.00993198066620023
56,407261,149,0.009818141316600453
57,425144,150,0.00993772066817954
58,411524,152,0.009839558565365022
59,423661,153,0.009886469616024006
60,409660,154,0.009979091027272768
61,379842,150,0.00999673930922045
62,385603,148,0.009931109631417114
63,402305,150,0.00996982205855933
64,415992,152,0.009875858577882268
65,429334,152,0.009973598611585728
66,405493,150,0.009911053762432332
67,429983,151,0.009854222018697248
68,420650,152,0.009915578591578825
69,436950,152,0.009817094419687731
70,407005,152,0.00999941931014459
71,410526,149,0.00998358620123662
72,389470,151,0.009951131017631386
73,400337,151,0.009989900686172651
74,394110,149,0.009990712410590486
75,401313,153,0.009966764816125798
76,396009,152,0.009937042736911289
77,402082,151,0.009990121375903922
78,433251,151,0.009998517930523424
79,376538,150,0.009834782011993797
80,439518,153,0.009971182059028296
81,419842,152,0.009994299308379072
82,414784,152,0.009886122029697252
83,413519,152,0.009983230339044944
84,424261,150,0.00996353240121807
85,419970,150,0.0098629861596504
86,448531,152,0.0099497089481755
87,386092,152,0.009768777851302708
88,421969,153,0.009924072387611168
89,424473,153,0.009931630321251834
90,396780,146,0.00992661238848703
91,402613,153,0.009991044824498216
92,417723,151,0.009977106888657548
93,409625,150,0.009966139298668724
94,415542,150,0.009916762729918182
95,404051,148,0.009731660597124344
96,421215,142,0.0099025068629334
97,390461,139,0.009832358562882263
98,406555,141,0.009999557930882046
99,394201,143,0.009974058611744349
100,403690,140,0.009896872378231855
101,395397,144,0.009934540667082988
102,418917,143,0.009989844824084422
103,425729,148,0.009954115846246843
104,433952,144,0.009944437222219733
105,379416,143,0.009776583371235645
106,402966,145,0.00997101171414197
107,430676,145,0.009997369654265398
108,408719,143,0.009817123385214961
109,411902,143,0.009890300651827812
110,411249,143,0.009967522057766227
111,413287,143,0.0099808668899541
112,396328,151,0.009967835161322469
113,429378,152,0.009971335852184777
114,387792,148,0.009948526189146961
115,411312,152,0.009999457241192153
116,422418,152,0.009962079297268724
117,402924,153,0.009890315824246836
118,405717,151,0.009981259993537928
119,423404,145,0.009979612406762898
120,435035,147,0.009984951029293459
121,409071,149,0.009734178529027079
122,425194,153,0.009906275140094876
123,414474,148,0.009909008934141011
124,433242,152,0.009976559302261828
125,448438,150,0.00999743517152937
126,404250,151,0.009972113783487512
127,451386,151,0.009941295841826153
128,412540,150,0.00987266271471128
129,426971,150,0.00999325517008799
130,424939,148,0.009924407560140538
131,407338,149,0.009886366167712471
132,431941,152,0.009868708920244456
133,441869,153,0.009980788958892744
134,400757,139,0.009892662721607834
135,429433,151,0.009952112397280137
136,431170,151,0.009863511677072992
137,420531,151,0.009893814446142913
138,407257,150,0.009972682059545537
139,426291,150,0.009859379261854918
140,407818,150,0.00998580827096837
141,418314,151,0.009994014480694648
142,407766,152,0.00997357516330178
143,431820,150,0.009906449622913663
144,433412,151,0.009847215119729351
145,409246,150,0.009913468246023533
146,404259,150,0.009988371720128179
147,414240,150,0.00995160205227657
148,404997,148,0.009924922732731977
149,411093,152,0.009934493770515094
150,409568,154,0.009979284820443041
151,425053,153,0.009854664087815202
152,405516,149,0.009879530992941721
153,412092,152,0.00996673860922021
154,427074,152,0.009975410336348392
155,407794,139,0.00999780068889679
156,400571,140,0.009890166858678226
157,407835,148,0.009979675855060639
158,410244,151,0.00995032343114601
159,413935,144,0.009795289584582615
160,440501,142,0.00999072275542164
161,408167,140,0.009799064758298193
162,426924,142,0.009894654446432567
163,405570,147,0.009977582750890604
164,412555,148,0.009943624808146485
165,391027,146,0.009962033780011648
166,400511,153,0.009966667574712956
167,424517,153,0.009915054453467053
168,415897,149,0.009883867546161223
169,391229,141,0.009935359977710338
170,415713,150,0.009979364820470628
171,384138,149,0.009806976485164305
172,410398,153,0.00998492896032033
173,410840,145,0.009999491723962663
174,406287,144,0.009912002728276803
175,432517,143,0.009966626195388344
176,392171,142,0.009962831021665869
177,416954,145,0.009961269641817119
178,449640,142,0.009747930257906986
179,415404,142,0.009950178603509864
180,410047,141,0.0099980441372566
181,408506,143,0.009899810999934828
182,386509,147,0.009851428224630423
183,421504,142,0.009846485464305332
184,398092,143,0.009848764085780719
185,411762,143,0.009917164799022344
186,419352,142,0.009975929646872292
187,430509,142,0.009992419997386206
188,379945,140,0.009807873037197599
189,408674,142,0.00999075241060428
190,398037,137,0.009952148259361469
191,421621,141,0.009866823402352898
192,398232,154,0.009996538619496075
193,427991,149,0.009943529635699874
194,413443,152,0.009997337930116527
195,389945,142,0.009676190233169046
196,455211,152,0.009834397873930301
197,424549,151,0.009943770325438044
198,433931,153,0.009964257229054217
199,407304,150,0.009991689652306776
200,413724,141,0.009936867564437091
201,378636,139,0.009961082055545536
202,428647,139,0.009918262730435425
203,412139,143,0.009885431684631615
204,431244,143,0.009959130330734596
205,449743,146,0.00998507792588894
206,416548,137,0.00987202064552436
207,377043,141,0.009925536526047078
208,415144,140,0.009862606159519366
209,410206,145,0.009991079996924137
210,410935,153,0.009977853785466822
211,402210,151,0.009912368245644223
212,414251,151,0.00996158067640713
213,437266,151,0.009962725504388105
214,407028,150,0.009963217228695595
215,416763,150,0.009966084815891316
216,433159,150,0.009969595161929367
217,399143,151,0.00986039305530795
218,401670,153,0.009900682034717943
219,408107,151,0.009885682719200938
220,410308,151,0.00995782826132009
221,399439,150,0.009920561351917708
222,418337,153,0.009912651004362415
223,427441,152,0.009963799987517237
224,416779,148,0.009994077928992389
225,405868,149,0.009863133056252778
226,438363,150,0.009995650343327705
227,404013,151,0.009965801367517712
228,399412,152,0.009994039997944827
229,410096,149,0.009927659285399754
230,431949,151,0.009899406172209024
231,415875,152,0.009984717925764802
232,408979,151,0.009927244802498209
233,411898,151,0.009998757930606183
234,403249,142,0.009917326178388338
235,403607,141,0.009979173096266584
236,414278,138,0.009963885504788106
237,427169,141,0.009828297182171443
238,413606,143,0.009971098610723659
239,392453,141,0.009994860687882997
240,422894,138,0.009961111710728176
241,405825,145,0.009895171687990237
242,406969,143,0.009960051710362659
243,414234,143,0.009853583397787379
244,436292,152,0.009973095163136263
245,388189,146,0.009892414445660153
246,410725,145,0.009955939984806891
247,417897,141,0.00998413309797693
248,427650,142,0.009985879305475622
249,393828,139,0.009978719303006657
250,412087,142,0.00997549723293008
251,397404,141,0.009804995105170727
252,434731,151,0.009951215155591433
253,422687,151,0.009897597206068002
254,398743,149,0.009948448947741016
255,432763,152,0.009948019982075855
256,434704,150,0.009925035146563843
257,417641,151,0.00994925239629393
258,421763,151,0.00993353859777193
259,394063,150,0.009948416533936737
260,422533,154,0.009990802065793817
261,434724,152,0.009891713755763363
262,408690,151,0.00991251376293578
263,402908,149,0.009963861366848747
264,415060,153,0.00990454755329226
265,440155,153,0.009952719983696547
266,412770,153,0.00995052963811367
267,417698,149,0.009947679292303203
268,427466,149,0.009927516526729838
269,406619,154,0.009984037925530318
270,418177,152,0.009979382061855883
271,418206,152,0.009979721372317715
272,417090,151,0.009880996510688451
273,412993,152,0.009987628961251367
274,412335,151,0.009978420682214028
275,405200,152,0.009999059999675862
276,401920,151,0.009910504796725792
277,410231,150,0.009993350342534601
278,426272,149,0.009953597225378353
279,422111,153,0.009967197919723421
280,406770,150,0.009908345485636374
281,398823,148,0.009893268239058013
282,414155,150,0.009920412386349099
283,409132,151,0.009869816506833278
284,429005,154,0.00995700412310487
285,417807,150,0.009952279983544822
286,418442,152,0.009986954478260165
287,449778,154,0.009996519309144589
288,431586,150,0.00999844689601617
289,427277,152,0.009940482738097495
290,424120,152,0.00996118412454625
291,391846,149,0.00999508758451296
292,440936,146,0.009973066887264443
293,401342,150,0.009886477891888928
294,405212,148,0.009888169616610213
295,396765,150,0.00998690551272604
296,386149,144,0.00980479648441258
297,383184,149,0.009958417916695833
298,404012,148,0.009980553786397858
299,447054,150,0.009882843407877036
300,412382,143,0.009964151022121042
301,426068,144,0.00995892964101022
302,418470,143,0.009976654474708439
303,395129,148,0.009925126870733403
304,422090,148,0.009952896535481565
305,441253,151,0.009956311709073002
306,401139,148,0.00976097095205895
307,414793,151,0.009925766181298683
308,400499,151,0.009939117220385249
309,412828,153,0.0099705551622604
310,402730,152,0.0099855944777912
311,405664,150,0.009979209648003327
312,422069,151,0.009936822736835426
313,405465,150,0.00996835929943424
314,401624,153,0.009912220659386434
315,404908,152,0.009964911712038522
316,402145,149,0.009939128254871811
317,413817,151,0.009978930337562185
318,422920,150,0.009887179961096539
319,414735,153,0.009814744074049682
320,400832,153,0.009926493078101062
321,418333,151,0.009913477901199277
322,420501,152,0.009951839983393098
323,411195,151,0.009980635855391674
324,410561,151,0.009992634480218787
325,449746,151,0.009880902027897251
326,422600,152,0.00993710618520903
327,404173,150,0.009978676544371222
328,383206,152,0.009949600672276094
329,431121,151,0.009887783409580487
330,395796,150,0.009998402068414507
331,418254,151,0.00994561722262663
332,389144,149,0.009920342041497256
333,401310,149,0.00999329103216932
334,440774,154,0.00999795241308704
335,411305,151,0.009923273076990716
336,413959,152,0.00997604344001498
337,390579,152,0.009981284131477287
338,437763,152,0.009909366865298919
339,424302,152,0.009983828959941021
340,402302,146,0.009885849615810212
341,419386,152,0.009979131716941972
342,418532,151,0.009992548962947918
343,390010,150,0.00998339723565422
344,418356,151,0.009925044801739587
345,424602,148,0.009940644117463489
346,393911,149,0.009808124761422331
347,414809,153,0.009989404823932698
348,425247,154,0.009928423423594283
349,405536,154,0.009979319303213554
350,471621,154,0.009937576530198803
351,410217,153,0.009964733091287273
352,384486,151,0.009994662756780261
353,423722,147,0.009995686895064446
354,391737,150,0.009961098607275383
355,423250,150,0.009906627554009501
356,420891,152,0.009806204760760263
357,427214,150,0.009944801360276331
358,394512,151,0.009990827583043994
359,394957,149,0.009928515147763843
360,452962,152,0.009910952383087028
361,438585,153,0.00998764344401498
362,409406,152,0.009955240674220923
363,418956,152,0.009963100676931269
364,424995,150,0.009947561361228055
365,442714,151,0.00988120409696693
366,418698,150,0.009949479292923894
367,419286,153,0.009956856536847082
368,414640,151,0.009999793103376932
369,394970,149,0.009984029649665396
370,430911,149,0.00990918617558144
371,376092,152,0.009892335824943388
372,419430,151,0.009959006882416166
373,402809,153,0.00994632687804375
374,422822,150,0.009854181329028044
375,377905,151,0.009955434467391196
376,425081,151,0.009799490965341712
377,378491,152,0.009933318597696068
378,423014,152,0.009999927586181926
379,385739,147,0.009863611677107476
380,446841,152,0.009980950338258738
381,437554,152,0.009996684826443043
382,404074,149,0.00989762341297359
383,391962,153,0.009964677918854454
384,426179,151,0.009937708254382156
385,410704,149,0.00986625443663946
386,414907,150,0.009904404104966933
387,409570,151,0.009947661361262539
388,391295,150,0.00995987033098977
389,422679,149,0.009940822048559327
390,424367,149,0.009924609629175735
391,404888,151,0.009887546857774779
392,399669,151,0.009955582053648984
393,458344,147,0.009904221346283222
394,448625,150,0.009983830339251841
395,424108,152,0.0099944765498195
396,375386,148,0.00996481447062568
397,419570,151,0.00996152136604185
398,418096,152,0.009983748959913434
399,429567,145,0.009796651654017812
400,409549,153,0.009833733735770255
401,389506,150,0.009925382732890597
402,426416,153,0.00993570342610463
403,407362,149,0.009956737226461112
404,433855,150,0.009912122728318182
405,414438,150,0.00997253585259857
406,379760,149,0.009846593740204738
407,476289,153,0.009962085504167415
408,424533,150,0.009909703417139109
409,453923,154,0.009921374455646365
410,444924,151,0.009990087582788822
411,409475,149,0.00995373998404827
412,406177,148,0.009778373716680592
413,396390,152,0.009902222724904389
414,410745,145,0.009897611688831617
415,429540,144,0.009957442054290364
416,403652,144,0.009998236551116053
417,420042,146,0.00996939378254958
418,393974,144,0.0099543220532145
419,397711,147,0.009953011707935071
420,396500,147,0.009951642052290363
421,383798,150,0.009924611698141964
422,419839,153,0.009775817164074885
423,448145,153,0.009853209604555036
424,408967,146,0.009963944125497974
425,417475,150,0.009942287566306057
426,427359,151,0.009883728235768358
427,411612,152,0.009995004825863733
428,423313,153,0.009965628264009747
429,399332,151,0.009986465512574315
430,441282,151,0.009992264135263496
431,414179,149,0.009987973788956479
432,416220,151,0.009966811023038284
433,446612,152,0.00998971585852271
434,422059,150,0.00989350410120831
435,437208,149,0.009943867566850884
436,402453,148,0.00987925237215599
437,421401,149,0.009965957229640424
438,406718,153,0.009972363438746013
439,408921,151,0.0099778186130409
440,427212,153,0.009982908959623778
441,413492,147,0.009891603410897728
442,397455,149,0.009990666203678002
443,445551,144,0.009999444137739358
444,399728,145,0.009952664121608317
445,443943,143,0.009884997891378583
446,412688,150,0.009926413767728886
447,403937,152,0.009895521343283222
448,379980,150,0.009992122755904399
449,397737,150,0.00978721371972887
450,415953,150,0.009988780685786444
451,416375,148,0.00988273237335599
452,394194,151,0.009989527582595718
453,434256,151,0.009950262741469911
454,406939,151,0.00999798413723591
455,387102,149,0.009751289569410196
456,395234,150,0.009872006852416156
457,405988,147,0.00995468757058192
458,427040,150,0.009992576549164328
459,405661,148,0.009915699281275614
460,394853,150,0.009946242740083704
461,425257,151,0.009760774400267035
462,400669,145,0.009926608250554568
463,407020,140,0.009910507555347434
464,386186,142,0.009987861375124613
465,418538,142,0.009898491689135066
466,399174,146,0.009993278618371937
467,398475,139,0.009998857930640665
468,401927,139,0.009951993086894168
469,400908,141,0.009966766195436618
470,414464,141,0.009974296542860877
471,427404,140,0.00998693861618573
472,442992,140,0.009851741328186664
473,414770,142,0.009771761990262756
474,399938,141,0.009973182749373363
475,400431,140,0.009873022714835419
476,405292,141,0.009991717928178595
477,430757,140,0.009937721357834951
478,434355,142,0.009993962756538882
479,428703,141,0.009999379999786206
480,422063,141,0.009996937929978597
481,403497,141,0.009926512388452548
482,394731,140,0.00997238136978668
483,396506,142,0.009944471015334832
484,425098,143,0.009955779984751719
485,410669,141,0.009936856529950527
486,398097,141,0.00994577515371557
487,407624,140,0.009991999997241378
488,402584,141,0.009990787583030201
489,400015,140,0.009972317231833528
490,400423,141,0.009952402742207843
491,373950,142,0.009891568238471806
492,416066,151,0.009960159296606654
493,391890,150,0.009942108255899399
494,410350,148,0.009840593048480362
495,392552,145,0.009904177208336968
496,379519,141,0.009962259297330793
497,403791,140,0.009979193096273481
498,432108,140,0.009824793043032083
499,407861,143,0.009966266195264206
500,413335,143,0.009930464803608553
501,436100,141,0.009901293759066813
502,406591,139,0.009963064814849936
503,410184,140,0.009996226895250654
504,403650,136,0.00980832889942376
505,400428,142,0.009943427566699161
506,436169,142,0.009854755122329353
507,412073,141,0.009975874474439475
508,390386,137,0.009748883361683917
509,413173,143,0.009816662005745519
510,414657,143,0.009992980687234719
511,419297,141,0.00999918068937265
512,411908,148,0.009961441366014264
513,449142,154,0.009897518585351235
514,411092,153,0.009899464792918894
515,414945,151,0.009986842064428299
516,421495,151,0.00999350275638026
517,387211,149,0.009961355848743397
518,436417,152,0.009786153029707942
519,396399,152,0.009959643434359806
520,423262,149,0.009991263445263257
521,390360,148,0.00987921788938548
522,422272,152,0.009979807579243993
523,419955,151,0.009936659978158614
524,421559,148,0.009942485497408792
525,407307,149,0.00997521930179976
526,415308,151,0.00978047509671555
527,404863,151,0.009888258582158131
528,408952,150,0.009919604110208313
529,419454,151,0.009911588935030666
530,383652,151,0.00992472273266301
531,411412,152,0.009995051032776219
532,417640,153,0.009962999987241376
533,400868,149,0.00995380205303519
534,402842,151,0.00995047722430249
535,407876,151,0.009970658610571935
536,403917,151,0.009905535139839704
537,456061,153,0.00994577239509393
538,404677,151,0.009858886158236607
539,437408,149,0.00999139585910202
540,447465,151,0.009985111719004042
541,401681,149,0.009969886886167892
542,428831,153,0.009879917199971448
543,398077,154,0.009828422699456104
544,409743,152,0.009938069633817116
545,421209,152,0.009981411717728178
546,421398,150,0.009949124810043038
547,408613,149,0.009937572392266341
548,413755,151,0.00996084964167229
549,419106,151,0.009974102060035192
550,417730,153,0.009998117930385493
551,394451,151,0.009848337189081789
552,416770,152,0.009893457894295826
553,408889,148,0.00983320063213815
554,451270,152,0.009981926890319617
555,391571,149,0.009805108898313413
556,411332,152,0.009831330976321027
557,384176,151,0.009899463413608074
558,412043,151,0.00997217033523115
559,407523,150,0.009989478617061592
560,419696,149,0.009983641373669439
561,404073,149,0.009837239943875843
562,431034,153,0.009838362013228281
563,402638,154,0.00997775240612152
564,422392,150,0.00993362963228608
565,422691,152,0.009998188964892747
566,422196,153,0.009903095138998324
567,423111,154,0.009962746883705822
568,409300,152,0.00992496135343495
569,416155,152,0.009981065510712246
570,401603,150,0.009969557230881804
571,420416,151,0.009853391673583336
572,393917,151,0.009999489654996432
573,436921,150,0.009884911684452305
574,414299,151,0.009987246202498691
575,408299,151,0.009827995113101763
576,403503,153,0.009841495117756937
577,411465,152,0.009916943419635662
578,396772,149,0.009944171704886795
579,402476,149,0.009732394390480825
580,426188,154,0.009871448231533873
581,407465,154,0.00987384754270605
582,399796,153,0.009981115855557192
583,388330,151,0.009999897241343876
584,413205,141,0.00983891304790105
585,405644,150,0.009699504723967146
586,432668,153,0.009832088217961454
587,422786,151,0.009967721368179782
588,399485,151,0.009989117237626634
589,425216,150,0.009949875155129365
590,410882,152,0.009980984131373839
591,394566,150,0.009969476541198808
592,412332,150,0.009979460682572648
593,386987,150,0.009937209633520563
594,422465,151,0.00989277099750724
595,437166,153,0.009897585481926029
596,431837,152,0.009970682058855882
597,438553,150,0.009967298609413314
598,429729,150,0.009871913748935776
599,432434,151,0.009902650311258728
600,403355,153,0.009975976543440188
601,410684,149,0.00986713857487537
602,405532,150,0.009904168242816636
603,421852,150,0.009965203436277046
604,414640,151,0.009966859298917
605,413549,151,0.00998920068593127
606,449536,147,0.00993301445966016
607,413799,150,0.009942482049131741
608,440670,150,0.009990701376103923
609,393150,150,0.009966786885098926
610,434264,147,0.0099972820680283
611,408927,148,0.009619239179047993
612,418988,153,0.009657641261255607
613,426697,153,0.009837221323179766
614,408977,151,0.009868419954627571
615,427188,152,0.009926502043621395
616,381340,153,0.009931212390073238
617,430037,151,0.009896006860692022
618,428430,151,0.009980434476011888
619,380635,142,0.00997924964801712
620,380500,144,0.009943054463122228
621,396149,147,0.00994509860175814
622,428394,144,0.009979028958285847
623,421021,152,0.009978926889285134
624,402911,149,0.009845824774422337
625,391021,152,0.009997022757594055
626,412029,148,0.009960182744890602
627,411727,151,0.00997601585379857
628,397101,151,0.009847369602541243
629,423387,152,0.00998730344389774
630,448391,146,0.009929157216950764
631,412143,151,0.009946381360821158
632,404047,152,0.009964840677531268
633,433082,149,0.009988655858157192
634,417303,148,0.009881963407573588
635,429458,144,0.009997828275113198
636,406057,138,0.00999560137779358
637,417313,144,0.009901407552209501
638,430450,147,0.009964031711735074
639,397193,149,0.00989993789653031
640,381307,153,0.009940778600268483
641,415022,148,0.009879035130701768
642,394218,151,0.009808566830540287
643,405036,153,0.009980952407224969
644,421492,150,0.009825526836388564
645,443994,154,0.00992490342238049
646,415514,152,0.009922434456011882
647,413148,154,0.009990685514029488
648,411762,152,0.009916487557409502
649,419001,151,0.00999896551688466
650,389467,148,0.009987177926613078
651,415144,152,0.009974303439414979
652,407031,152,0.009796267515954317
653,424357,151,0.009988333099425206
654,385375,150,0.009979183441097739
655,420808,149,0.009982310338727703
656,410279,152,0.009957291709410935
657,412843,149,0.009975675853681329
658,426163,150,0.00975072060369676
659,423635,149,0.009785936477909131
660,405409,152,0.009862245469739817
661,424011,150,0.009763921987559305
662,417014,150,0.009955678605406415
663,390619,147,0.009942304118035903
664,404934,149,0.00985059443123946
665,422799,150,0.009964236539391911
666,431649,152,0.009971882748925086
667,405265,149,0.009997563447435671
668,415465,152,0.009912518590523651
669,443160,151,0.009993116549350534
670,371388,148,0.009954124122111767
671,430281,150,0.009965539298461827
672,397921,150,0.009845475808784762
673,398597,150,0.00993665170229369
674,439423,151,0.009854673742990946
675,447251,150,0.009966502747069913
676,403499,150,0.009920468938092737
677,418072,151,0.009986353098742448
678,422360,152,0.009884965477574302
679,440325,150,0.009874807543037083
680,404685,152,0.009981248269395955
681,426181,152,0.00997369654265398
682,394992,150,0.009943551015017591
683,424962,153,0.009845267532850874
684,395375,152,0.009959517227419733
685,400353,150,0.009965704815760281
686,419387,148,0.00984843029256217
687,423452,149,0.009951802052345535
688,425644,150,0.009980355855295123
689,433297,142,0.009676046784843718
690,420752,149,0.009698042654497467
691,435025,143,0.009812498556033986
692,421130,142,0.009983171718335074
693,437789,140,0.00980757027847251
694,448991,143,0.009869199265241126
695,413011,151,0.00998474206370416
696,391943,152,0.00996581860890297
697,430796,153,0.009965175160405227
698,393386,150,0.00975892750307845
699,408761,151,0.00996109240037669
700,408161,150,0.009963140676945061
701,397540,150,0.009903819966834471
702,415433,150,0.009976887578237096
703,400617,149,0.009887457892226859
704,396517,150,0.009896037895185481
705,403275,149,0.009974557232605942
706,397613,146,0.009992024824836146
707,409191,150,0.009926683422994284
708,441353,152,0.009782431649114362
709,390835,149,0.009976471026369319
710,454259,150,0.009972424818077523
711,421336,150,0.00998663034021736
712,411708,151,0.0099608503313277
713,440112,151,0.009932437907737209
714,412390,149,0.009952097914516522
715,403807,139,0.009994699998172414
716,442607,142,0.009864488918789282
717,383990,140,0.009949701361965987
718,393945,138,0.009960080675889889
719,422140,141,0.009952043431739114
720,411044,142,0.0099996627585044
721,411680,139,0.009943097221757662
722,421046,141,0.009995519308799761
723,403489,140,0.009886628926423767
724,399302,142,0.009912139969703438
725,413638,149,0.009992522066386919
726,403387,139,0.009972745507843278
727,397376,139,0.009948576533991909
728,394264,148,0.009919088247961465
729,415431,149,0.009968273782163374
730,444715,142,0.009920168937989289
731,421536,140,0.00994980274131129
732,416184,142,0.00990412065659333
733,401264,144,0.009949329637699875
734,379598,144,0.009997208964554815
735,393251,146,0.009810825452008776
736,398838,153,0.009984579994682757
737,404137,149,0.009997004826553389
738,376366,141,0.00997930688941617
739,417159,151,0.009988029651044707
740,417009,143,0.009913713073694163
741,426765,150,0.009977579302613553
742,424851,151,0.009965012401728415
743,422410,151,0.009992922066524851
744,422253,152,0.009968204816622351
745,400970,147,0.009919239972151715
746,441805,150,0.009902094448998085
747,455365,152,0.009747599912965487
748,425200,154,0.009915175832819253
749,443212,153,0.00997680757820951
750,407235,147,0.00993527721906111
751,406973,152,0.009894313756659915
752,407047,150,0.009960557917433764
753,403838,149,0.0098681723683353
754,408843,152,0.009984095166929368
755,408787,148,0.009885800650276087
756,419434,146,0.009798322689076789
757,427680,151,0.009948030326907008
758,410677,145,0.00995425791526135
759,409886,149,0.009990160686262305
760,444551,150,0.009951321362524608
761,418199,152,0.009932456528433286
762,382099,148,0.009772341990462756
763,427896,150,0.00999694551618811
764,410271,139,0.009921310317693213
765,373398,152,0.009861041331393563
766,410613,152,0.00981776131646942
767,404400,152,0.009905014450004983
768,388266,148,0.00984232960080331
769,424869,148,0.009921013076211406
770,393687,142,0.009872845473394991
771,406675,150,0.009995642757118192
772,398972,152,0.009984946201705586
773,437011,149,0.009954430329113906
774,406531,150,0.009962779987165512
775,430121,151,0.009912806176829716
776,414573,150,0.009994319308385968
777,398204,151,0.009980841372703922
778,415331,141,0.009934035839322702
779,426749,151,0.009932450321534593
780,415960,152,0.009984912408590486
781,429131,146,0.009946461360848745
782,432475,151,0.009991845514429488
783,382135,150,0.009979062751400949
784,391975,152,0.009995401377724613
785,395686,150,0.00998574827094768
786,434280,152,0.009706366105643485
787,454889,153,0.009970575851922708
788,420059,150,0.009993191032134838
789,425315,149,0.009998867585816409
790,420717,151,0.009972392404273243
791,423530,151,0.009955553777777165
792,412003,150,0.0098922489283617
793,427952,150,0.009957939985496546
794,401160,152,0.009963404125311767
795,418332,152,0.009978321371834955
796,395451,152,0.009921191007307244
797,415719,151,0.009981310338382876
798,401600,150,0.009978157923502732
799,408649,150,0.00992175859370986
800,392567,145,0.009995055170708679
801,408730,144,0.00997891171686611
802,401703,144,0.00989133444528774
803,421287,150,0.009970024817249937
804,419137,151,0.009978875854784778
805,395488,150,0.00970201644897119
806,424397,148,0.009983317925282044
807,416516,141,0.009868650299534586
808,463257,141,0.00998907792726825
809,400633,141,0.009912050314500109
810,415968,153,0.009995048963809988
811,396613,146,0.009962818607868485
812,405683,150,0.009919763420608076
813,403635,141,0.009961380676338165
814,419729,145,0.00998873654784019
815,429226,148,0.009910273072507955
816,421200,151,0.009873030301044932
817,404280,149,0.00994339308392865
818,391996,152,0.009982766890609273
819,402176,148,0.009959173779025441
820,419130,151,0.009934142735911288
821,423314,148,0.00994446136015909
822,407615,153,0.009928918596178827
823,414746,153,0.009962324814594763
824,417945,150,0.009980649648499878
825,407961,149,0.009934379977372405
826,404885,151,0.009984781374062543
827,434025,151,0.00993329101147966
828,405763,153,0.009960775158887986
829,417187,153,0.009997122757628537
830,415734,151,0.009974636542978118
831,410329,150,0.009868610299520793
832,398189,152,0.009919112385900822
833,442868,149,0.009948950327224251
834,390031,152,0.00999066344505636
835,402967,147,0.009978957234123184
836,431887,149,0.009728914389280825
837,438230,154,0.009994188963513435
838,423627,153,0.009822937180323166
839,412653,154,0.009956220674558853
840,406815,154,0.009935854460639468
841,391207,147,0.009831935114460384
842,410864,150,0.009976275853888225
843,419399,150,0.009991175169370748
844,430374,145,0.00999694827480975
845,388476,138,0.009965591022617595
846,400686,138,0.009825093732790943
847,416761,148,0.009967005505863968
848,430396,145,0.009924909629279182
849,399576,147,0.0099159275572164
850,413329,147,0.009992360687020927
851,393041,140,0.009875719957144813
852,414439,142,0.009944448946361706
853,430097,151,0.009965705505415692
854,390547,148,0.009999779999924139
855,391259,142,0.009799933724115077
856,425915,142,0.009861562021228284
857,412181,152,0.009887719271627335
858,426053,153,0.009911677900578586
859,427008,151,0.009955562053642087
860,402973,150,0.009923372387369789
861,418197,153,0.009988211720073007
862,413631,152,0.009912609625037802
863,396080,150,0.00992304342173911
864,383321,151,0.009985893788239237
865,432531,151,0.009966169643506774
866,385074,150,0.009912497900861345
867,418720,150,0.00999743379221855
868,419254,146,0.009922811007865864
869,421880,150,0.009830148906947899
870,394012,153,0.009926686871271335
871,423247,150,0.009964566884333408
872,418228,153,0.009981347579775028
873,390817,151,0.009992391721514386
874,410097,149,0.0099398827378906
875,415752,150,0.009959299296310103
876,404519,150,0.009758617847799259
877,409638,153,0.009987926892388584
878,394213,151,0.009990643445049463
879,384350,150,0.00986921236869392
880,417726,152,0.0099052785880271
881,429389,152,0.009955402053586915
882,426430,152,0.009955066191402136
883,420375,151,0.00998257516640523
884,438300,151,0.009960060675882992
885,414097,148,0.009867679264716989
886,443777,151,0.009959389641168841
887,441720,144,0.009991497238447323
888,430445,149,0.009849551672259198
889,439135,153,0.009971311714245418
890,409502,150,0.009972697231964563
891,423094,150,0.009945580670889886
892,400704,149,0.009897406171519369
893,405386,152,0.00996081446924637
894,415159,152,0.009986088960720332
895,415905,151,0.009959437227392147
896,396838,151,0.009997813792349583
897,398293,150,0.009954473087749341
898,409060,153,0.009882143407635657
899,416554,153,0.009906808243726981
900,403135,152,0.009786921305834933
901,422286,153,0.009904702725759561
902,394821,151,0.009933583425373595
903,403799,148,0.00989820479248441
904,400462,150,0.009932558597434
905,386089,151,0.009937124805905105
906,426205,151,0.009965057229330079
907,392384,152,0.009930475838095117
908,408202,150,0.009991713790246135
909,440169,153,0.009999203448001188
910,398926,150,0.009925771698541965
911,410965,150,0.00989069513472246
912,442104,152,0.009989825513732935
913,403494,149,0.009983556546053981
914,437941,152,0.009963474470163611
915,430841,153,0.009895444101877277
916,426407,151,0.00998095585550202
917,417627,149,0.009995390343238049
918,417560,151,0.009936571702266105
919,429685,151,0.009878283406304623
920,413818,153,0.009993341377014268
921,418654,150,0.009950150327638045
922,426836,151,0.009892179962820677
923,386656,150,0.009826864767884403
924,419501,153,0.00992435238770772
925,410113,154,0.009980877234785253
926,412317,151,0.009982307580106061
927,452683,150,0.009998623447801188
928,391510,151,0.009986029650355051
929,412621,149,0.00989490479134648
930,390001,149,0.009853561328814252
931,426097,153,0.009999802758552676
932,404543,150,0.00996130688320927
933,429337,151,0.00998986689305755
934,435170,149,0.009930251010431383
935,450915,152,0.009926046871050646
936,403606,151,0.009931879286854926
937,410031,151,0.009984994477584302
938,383330,150,0.00989057237605944
939,421416,152,0.00994375791164066
940,403224,149,0.009887865478574303
941,397220,152,0.009841025462422574
942,383114,150,0.009895415136350047
943,417282,151,0.009986264822849939
944,405742,150,0.009876875129956941
945,445219,152,0.00999587655030226
946,412708,151,0.00999890551686397
947,431664,152,0.009883659959882744
948,441658,154,0.009961113779694407
949,429870,151,0.009951371017714145
950,436172,150,0.009944485498098447
951,444628,152,0.009997597240550772
952,412928,150,0.009984540684324373
953,407053,151,0.009970784817512006
954,399684,148,0.009725333698390931
955,412045,154,0.009816060626227802
956,413547,154,0.009718318523558112
957,428622,154,0.009783642684014719
958,447077,154,0.009788515099487966
959,412981,154,0.009880245475946715
960,418520,153,0.0098890454789812
961,426184,152,0.009941293083204511
962,411424,152,0.009971271024576215
963,437776,153,0.009984168270402851
964,400583,152,0.00996463447056361
965,415742,149,0.009938766875436853
966,425987,151,0.009871650300569069
967,412831,150,0.009891501341897015
968,404424,151,0.009930135837977876
969,391495,153,0.009927848940637566
970,404166,148,0.009981695166101782
971,420353,152,0.009946283429752907
972,434462,153,0.009972311714590246
973,436598,152,0.00997280826648561
974,434058,152,0.009984199304896312
975,419168,148,0.009973846197877998
976,410544,151,0.009894457894640654
977,419454,152,0.009966435850495121
978,376692,152,0.00987104202449725
979,420164,153,0.009939871013748625
980,426395,152,0.009984142063497263
981,398686,150,0.009925997905516518
982,404989,150,0.009875024784491305
983,402507,151,0.009952524121560042
984,404644,153,0.009957728950941018
985,394358,149,0.009875127543147429
986,404078,153,0.009981899993758618
987,415202,151,0.009986371029783114
988,405720,149,0.009962948263085608
989,383167,148,0.009944650325741492
990,411593,148,0.009976728957492744
991,431172,147,0.009873946163429712
992,407303,151,0.009918578592613308
993,405084,150,0.009978635854702019
994,409979,152,0.009994610342969083
995,381053,148,0.009973895853067535
996,378694,152,0.00997116550729845
997,420444,149,0.009841375807370968
998,414475,151,0.009996953792053032
999,427091,150,0.009870413058763124
1000,419113,153,0.009954026191043514
1001,427503,152,0.009994648274016646
1002,391302,149,0.00992862825125112
1003,420110,151,0.009976605509174313
1004,422758,150,0.00992929101010035
1005,439780,153,0.009970617231247321
1006,429540,151,0.00989097030723114
1007,426686,149,0.009975631715735074
1008,397563,144,0.009941204117656593
1009,407051,152,0.009995153101776932
1010,415804,151,0.009916236522840181
1011,422185,150,0.009996464136711772
1012,407983,151,0.009987072409335314
1013,411427,151,0.009780510269141472
1014,420177,154,0.009942896532033287
1015,419074,153,0.009901417207385244
1016,412055,149,0.009945481360510815
1017,415757,150,0.009868063402780484
1018,419723,154,0.00995349722534387
1019,414157,150,0.009939882048235189
1020,424857,153,0.009899384103235898
1021,432228,153,0.009956314467694644
1022,385859,150,0.009893769618541248
1023,403288,149,0.009928766871988577
1024,423214,151,0.009931091700376449
1025,410818,150,0.009839379944613775
1026,402235,153,0.009958245502843277
1027,410630,152,0.009945150325913905
1028,391383,151,0.009941908945485843
1029,410664,150,0.00993067238988703
1030,405891,151,0.009947841361324608
1031,431061,151,0.009950089637961944
1032,422454,151,0.009998466206367657
1033,412183,151,0.009945933774459922
1034,418364,149,0.00998577792613032
1035,402101,151,0.009983762753021638
1036,431058,152,0.009896024791732686
1037,431159,152,0.009864979953441363
1038,447112,149,0.009970956541709153
1039,417613,149,0.009922526869836851
1040,419903,151,0.00984672339542186
1041,406282,151,0.009872268231816632
1042,409526,149,0.009955384122546249
1043,399712,147,0.009970944127911769
1044,396147,148,0.009953912397900827
1045,426478,149,0.009910240658703676
1046,418390,152,0.009993483446028774
1047,420148,150,0.00997695861274435
1048,407553,151,0.009935233081114856
1049,398319,151,0.009956502053966226
1050,409092,150,0.009983747580602614
1051,406934,148,0.00999993862066849
1052,405196,148,0.009941391703928174
1053,419472,143,0.009958326192526273
1054,422349,143,0.009830235113874177
1055,406627,149,0.009960554469156713
1056,399921,135,0.009843155807984762
1057,429628,131,0.009910344107015209
1058,401468,132,0.009950275844922704
1059,423062,134,0.009788726823698905
1060,428641,136,0.009819264765263713
1061,403201,144,0.009984113097970034
1062,392294,144,0.009871147541775014
1063,438976,131,0.009823262697676792
1064,411814,143,0.009977763440608084
1065,425545,149,0.009965570332955287
1066,408994,152,0.009971204128001423
1067,434616,145,0.009973162749366465
1068,429902,140,0.00989533513632246
1069,421108,140,0.009999963448263259
1070,418730,140,0.00995019584489512
1071,420892,141,0.009900446172567646
1072,427724,142,0.00999249723879215
1073,442153,153,0.009955951019293455
1074,398494,151,0.009859011675521268
1075,418475,154,0.009967675161267297
1076,398725,151,0.009993766894402378
1077,439035,150,0.009950097224171457
1078,395677,148,0.00999310275624233
1079,432004,152,0.009787235099046585
1080,405291,154,0.009989149651430914
1081,395938,148,0.009957256536985013
1082,410217,153,0.00999829172354887
1083,426117,152,0.009938097909688935
1084,414621,152,0.009978512406383588
1085,389548,150,0.009893953066880368
1086,407327,152,0.009920242731118183
1087,399078,151,0.009998795861653746
1088,413807,149,0.009976553785018546
1089,410402,149,0.00981172062473125
1090,417370,154,0.009954245501463966
1091,416858,151,0.009994122066938643
1092,394648,150,0.009990717927833768
1093,432586,152,0.009919651696431619
1094,438590,151,0.009862937883771685
1095,420375,151,0.009889187547995707
1096,438880,150,0.009978986889305824
1097,414955,149,0.009983564821918905
1098,401676,150,0.009913347556326743
1099,418879,152,0.00995288412168418
1100,416464,151,0.009977455854295122
1101,444064,151,0.009971908955830675
1102,409181,148,0.009984735856805468
1103,429265,152,0.00997509999141379
1104,406749,151,0.009988746203015932
1105,429927,150,0.009909210313520798
1106,398911,152,0.009990380686338167
1107,408254,150,0.00995041239669393
1108,405379,150,0.009954064122091077
1109,388613,151,0.009969068954851364
1110,404040,147,0.00999884275822164
1111,402031,143,0.009925667560575021
1112,478929,152,0.009945944119291075
1113,415462,147,0.00997619861248228
1114,402862,140,0.009963249642499877
1115,410574,140,0.009988877927199285
1116,407859,141,0.009806155795226137
1117,406517,142,0.009997271033541736
1118,405227,138,0.009847097878309613
1119,407611,140,0.009957249640430911
1120,383234,145,0.009900108241416634
1121,380613,141,0.009932118597282274
1122,427369,141,0.009898215137315565
1123,419423,141,0.009953624811594763
1124,416336,141,0.009952819983731029
1125,416764,143,0.009922309628382631
1126,457387,143,0.009913626177112474
1127,435885,142,0.009973049645879188
1128,401214,141,0.009883438580496062
1129,391790,150,0.009976095164170746
1130,407743,146,0.009929253079052786
1131,390486,140,0.009947559292261826
1132,445575,139,0.009931722735076805
1133,410584,141,0.009997061378297027
1134,406701,142,0.00996905929967562
1135,414009,144,0.009979207579037096
1136,385219,151,0.009898149620051594
1137,409977,148,0.009937419288765272
1138,417328,153,0.009819972351714603
1139,414626,148,0.009844424773939577
1140,436620,151,0.00992258342158049
1141,430032,151,0.009971537231564563
1142,388704,147,0.009975255163881092
1143,399793,149,0.00962631297459068
1144,411964,154,0.009900453758777157
1145,405105,154,0.009947906188933169
1146,422107,152,0.009893174445922222
1147,426486,148,0.009915915143419015
1148,412127,153,0.009999924137904875
1149,412793,149,0.009902866863057538
1150,412314,150,0.00996988205858002
1151,404324,147,0.009973689646099878
1152,397487,152,0.009991405514277763
1153,421444,151,0.009986577236750772
1154,436272,149,0.009907562726745768
1155,432192,151,0.009969331023907249
1156,402671,148,0.00997388205995933
1157,429803,151,0.00995047722430249
1158,430499,149,0.009981045510705349
1159,416456,151,0.009826034422770491
1160,406019,154,0.00996533309149417
1161,411664,149,0.00994741929221355
1162,436686,150,0.009941455841881325
1163,426159,152,0.009945334463908436
1164,417836,151,0.0099063172090749
1165,407096,149,0.009945360670814024
1166,441153,150,0.009923977904819968
1167,423760,153,0.009998052413121522
1168,373277,150,0.009870134437977393
1169,421695,152,0.00998370344265636
1170,431421,146,0.009994730343010462
1171,447288,150,0.009955859295123895
1172,419351,149,0.009988566892609274
1173,436794,152,0.009977007578278475
1174,418552,152,0.009984794477515336
1175,412618,151,0.009953623432283943
1176,419803,154,0.009981350338396668
1177,395749,150,0.00992810618210558
1178,383095,150,0.009996453791880617
1179,414465,148,0.00985462753607846
1180,419558,153,0.009999427586009512
1181,390858,150,0.009901053758984054
1182,403051,151,0.009927255147329362
1183,413439,152,0.00995776895095481
1184,411620,149,0.00993491101203828
1185,417420,153,0.00992813652694363
1186,406854,146,0.009998341378738406
1187,389655,145,0.009821812352349087
1188,433512,153,0.009901622724697492
1189,416865,151,0.009944010325520803
1190,407392,146,0.009975057232778356
1191,398290,146,0.009891315824591664
1192,408849,148,0.009866988919651352
1193,402208,151,0.009997507585347443
1194,401814,149,0.009962902056173123
1195,422049,151,0.009868606161588332
1196,410740,153,0.00991897928240665
1197,418630,151,0.009878906854795467
1198,403301,152,0.009995713791625446
1199,425925,149,0.009995053791397859
1200,407659,150,0.009980504131208321
1201,444872,147,0.009896791688548859
1202,437553,151,0.009942257911123418
1203,441525,152,0.00992075169681093
1204,426868,152,0.009938801358207365
1205,431233,154,0.009957025502422587
1206,421316,150,0.00999923448249465
1207,416843,150,0.009976151715914384
1208,404839,149,0.009959652399880137
1209,422127,153,0.009926289629755045
1210,368370,149,0.009963730332320805
1211,422351,153,0.00998004482070511
1212,423086,153,0.009907894450998087
1213,404390,149,0.009852471673266094
1214,408764,151,0.009919617213661108
1215,443238,152,0.009982446890498927
1216,443379,150,0.009711246107326243
1217,407080,153,0.009896412378073234
1218,392672,151,0.00994241584221236
1219,415676,151,0.009997004136897978
1220,377384,150,0.00998904551346397
1221,411921,152,0.009979666889540308
1222,417580,151,0.009953565501229483
1223,402082,149,0.009982063442090842
1224,404030,149,0.009828636492633273
1225,433883,154,0.009864617194695585
1226,433582,153,0.009917663419883939
1227,423223,154,0.009877876509612589
1228,415525,154,0.009946133084873477
1229,397806,152,0.00996365860815814
1230,432958,149,0.00997836619943662
1231,381405,147,0.009984868960299641
1232,427330,150,0.009907091692100583
1233,425682,153,0.009923236525253974
1234,393932,150,0.009985053787949581
1235,416598,150,0.009883101339000461
1236,448684,152,0.00996823171318335
1237,396303,151,0.009861915814453729
1238,413616,151,0.009986351029776217
1239,424539,151,0.009980207579381924
1240,417024,153,0.009984555167087988
1241,421754,153,0.009953902742725083
1242,430428,154,0.009923424111525556
1243,399504,154,0.009990477927751009
1244,407638,153,0.009914389625651596
1245,397178,152,0.009997646895740309
1246,432081,150,0.009984844132704873
1247,415139,150,0.009920238593185722
1248,401422,149,0.009881068924506525
1249,423183,153,0.009965699298516999
1250,424899,154,0.009936988254133881
1251,423163,152,0.009941688945409982
1252,441953,151,0.009886652374707715
1253,404711,148,0.00997317516316385
1254,390240,150,0.00988227375250819
1255,424495,153,0.00997311378383234
1256,437759,154,0.009900555827777872
1257,433951,152,0.009923113076935544
1258,416915,153,0.009906964795505102
1259,411341,152,0.009959754468880852
1260,414703,151,0.009973973094473482
1261,391453,150,0.009890489617410212
1262,380771,147,0.009974857922364801
1263,422732,151,0.009979332406666347
1264,431086,146,0.009947966188953859
1265,404872,148,0.009810420624282975
1266,373407,151,0.009988670340920807
1267,403677,151,0.009964395849791672
1268,413606,149,0.009953997915171695
1269,399571,150,0.00990967376195647
1270,403622,149,0.009924255146294879
1271,447050,150,0.009876428233251114
1272,394821,150,0.009886169615920558
1273,405385,147,0.009956726881629959
1274,400539,149,0.009979400682551959
1275,404690,150,0.00976945647222637
1276,415755,149,0.009934531701562655
1277,442107,150,0.009983652408156003
1278,426764,152,0.009925684801960277
1279,403413,149,0.009899346172188335
1280,391748,152,0.009983383442546014
1281,388487,149,0.00999612137797289
1282,387168,148,0.009832448218085592
1283,432066,143,0.00989527099836931
1284,422289,146,0.009775946819292006
1285,417421,154,0.009956839295461825
1286,427710,152,0.009848692361618056
1287,449973,151,0.009845303394932205
1288,416989,143,0.009801543379842544
1289,404677,139,0.009836573736749564
1290,401917,143,0.009991029652079191
1291,419018,142,0.00987916064798643
1292,417118,143,0.009877899268241126
1293,422616,142,0.009646272291818032
1294,403286,141,0.009885757201985241
1295,397498,141,0.009904174449715327
1296,401422,140,0.009967455850846844
1297,431105,140,0.009976551026396906
1298,412114,139,0.009949817913730315
1299,429181,140,0.009931006872760991
1300,395655,142,0.009988814478901544
1301,430657,147,0.009924796525791906
1302,399441,150,0.009900784793374067
1303,403059,152,0.009966731023010697
1304,415152,149,0.009968317920109628
1305,393074,152,0.009975308957003088
1306,396517,152,0.00996551516052247
1307,411047,152,0.009979784820615456
1308,387699,152,0.009966222057317951
1309,413872,149,0.009938850323741491
1310,430585,149,0.009922464800849932
1311,408618,153,0.009954059984158615
1312,426149,153,0.00989435789460617
1313,426897,153,0.009953724121973834
1314,386369,152,0.009878175820060628
1315,420044,153,0.00995690895065826
1316,438211,154,0.009982781373372888
1317,435792,153,0.009950113775901302
1318,399009,154,0.009962488952582397
1319,425481,153,0.009842702704380243
1320,428659,151,0.009948859982365511
1321,445741,152,0.009853515811557176
1322,433153,151,0.009870124093146238
1323,398581,152,0.009973867577195716
1324,397685,150,0.009980486200167655
1325,411677,151,0.009869095816929591
1326,415775,150,0.009947215843867532
1327,404412,151,0.009845065463815677
1328,429340,151,0.009952082052442086
1329,408026,149,0.00999267654919881
1330,387322,151,0.00999236965254126
1331,417188,148,0.009936517219488697
1332,418087,149,0.009900393069101059
1333,410372,150,0.009973152404535312
1334,419426,152,0.009952619983662063
1335,383039,149,0.009964835160287986
1336,433725,150,0.009983411028762424
1337,411958,151,0.009925286870788577
1338,406293,152,0.009976448267740782
1339,407970,150,0.00996564067780713
1340,418810,152,0.009975213784556477
1341,442407,154,0.009967015850695121
1342,390652,151,0.009998373792542687
1343,413329,151,0.009978431027045181
1344,417735,152,0.009992411031865872
1345,418105,152,0.009949485499822585
1346,424420,151,0.009958364123573836
1347,429997,150,0.009997852413052555
1348,411783,150,0.00994546825705802
1349,421482,151,0.00987995168274196
1350,422487,152,0.009960699296792861
1351,417705,151,0.009964777229233527
1352,390248,151,0.00987195788688203
1353,412485,150,0.00997952206190416
1354,409669,148,0.009954076535888461
1355,414067,151,0.009984597925723423
1356,401387,150,0.009978566889160996
1357,374831,150,0.009899313758384055
1358,414988,149,0.009974078611751246
1359,412714,150,0.009873459956365502
1360,414503,149,0.009979344820463731
1361,411518,151,0.009926300664241609
1362,406264,153,0.009998728275423543
1363,389927,148,0.009904465484298443
1364,423014,146,0.009923122732111288
1365,437358,148,0.009969753782673719
1366,394348,151,0.00999585034339667
1367,404485,151,0.009979501372241852
1368,398361,150,0.0099530675700233
1369,393276,151,0.009938871013403797
1370,401053,152,0.00999331930804114
1371,407726,148,0.009804035104839692
1372,426442,153,0.009958817916833765
1373,404303,152,0.009791373721163352
1374,422402,154,0.009881715131625907
1375,439597,154,0.009971513783280615
1376,425572,153,0.009981742752325088
1377,453035,151,0.009977012405866346
1378,399247,149,0.009980666200229724
1379,392455,149,0.009975488957065157
1380,402478,149,0.009865559953641363
1381,423727,153,0.009929808941313428
1382,403190,150,0.00995459308779072
1383,439513,152,0.009992257238709393
1384,396904,153,0.009993209652830915
1385,427632,153,0.009954917225833526
1386,389965,147,0.009739473703266794
1387,405717,154,0.009990668962299642
1388,412507,152,0.009976650336775979
1389,420922,152,0.00998944206532485
1390,416191,149,0.009859210985934824
1391,411655,151,0.009960403434621875
1392,406069,147,0.009905899967551713
1393,390671,152,0.009951215155591433
1394,395162,153,0.009985606201933173
1395,411416,150,0.009906649622982629
1396,428074,146,0.00998852482362925
1397,388971,146,0.009905695829550287
1398,446159,152,0.009914483418787385
1399,410216,150,0.00995120343144946
1400,426533,150,0.009900964103780725
1401,412177,148,0.009877166164540057
1402,418623,153,0.009973249645948154
1403,406932,147,0.009978188268340783
1404,402993,149,0.009926569629851596
1405,424363,152,0.009958124123491077
1406,410252,152,0.009873193059721746
1407,397122,151,0.00991272272852508
1408,395089,150,0.009979166199712482
1409,419945,148,0.009934123425559802
1410,423414,149,0.009842679256096295
1411,391100,151,0.00999371379093579
1412,418198,152,0.009868427540837083
1413,413690,152,0.009926451009121038
1414,425877,152,0.009919023420352904
1415,416996,151,0.009980763441642566
1416,421184,152,0.009936390322893215
1417,397275,152,0.009898154447639465
1418,425505,150,0.00998242413187039
1419,414981,150,0.009965993781377165
1420,408090,151,0.009992394480136028
1421,436752,152,0.0099254503191208
1422,405327,150,0.009921541352255639
1423,393122,151,0.0099298475620164
1424,411490,150,0.009982328959423779
1425,414783,151,0.009963190332134598
1426,431114,149,0.009890980652062294
1427,411938,152,0.00995718688178858
1428,429518,151,0.009999743448187395
1429,411346,151,0.00997674826784423
1430,400017,150,0.009903746173705577
1431,415224,151,0.009825137181081786
1432,427859,152,0.009950458603606415
1433,417100,152,0.009972735852667535
1434,413151,150,0.009976598612620211
1435,409272,150,0.00999691861962711
1436,399483,150,0.009986465512574315
1437,428902,153,0.009976699991965515
1438,391566,152,0.009964682746442327
1439,416722,151,0.00980201786276478
1440,451922,151,0.009954353087707962
1441,448067,152,0.009991887583409511
1442,422380,151,0.009978830337527703
1443,394176,148,0.009905480657062295
1444,416056,152,0.009924518594661584
1445,432744,152,0.00992099790379238
1446,408569,151,0.009960731710597142
1447,412077,149,0.009998912413418073
1448,392607,152,0.009936198598689171
1449,428852,150,0.009890200651793328
1450,407561,145,0.009991998617930558
1451,396616,149,0.009878343406325313
1452,420171,145,0.009797214412832557
1453,408633,140,0.009979564820539593
1454,402251,140,0.009965833091666583
1455,410941,147,0.00994165515229488
1456,379515,141,0.009951652397121516
1457,377244,140,0.009959973779301303
1458,395396,140,0.009937111012796901
1459,420431,139,0.009922698594033998
1460,412332,142,0.009793085445891534
1461,427019,141,0.00991532341907704
1462,416220,143,0.009967424816353385
1463,417101,142,0.00996035860702021
1464,445265,140,0.009941546876395474
1465,413654,141,0.009825841319255627
1466,419966,144,0.009904445484291546
1467,404564,145,0.009852003397242551
1468,441758,143,0.009823800628896769
1469,418880,143,0.009883144097635896
1470,393851,143,0.009884878580992615
1471,429117,143,0.00998770482334649
1472,413195,148,0.009979226199733172
1473,394872,150,0.009948393085652789
1474,406431,146,0.00998416551178121
1475,405458,148,0.009909966175850405
1476,441011,153,0.009980888958927228
1477,403695,152,0.009988792409928417
1478,410714,151,0.009964736539564324
1479,394001,150,0.009990362065642092
1480,419888,149,0.009978323440801186
1481,407874,152,0.009982258614571936
1482,419155,147,0.00973400335655288
1483,424662,154,0.00996991516203971
1484,452641,153,0.009941592393652549
1485,391400,152,0.009957958606192623
1486,418970,149,0.009925414457039467
1487,420927,150,0.009971117921075145
1488,426251,152,0.00998190344203567
1489,424061,152,0.00998990137582806
1490,411420,150,0.009990458617399523
1491,441815,149,0.009918936523771215
1492,406024,152,0.009945146187981445
1493,407948,152,0.009994368273920095
1494,408677,148,0.009947256533536735
1495,387958,152,0.009968986196202137
1496,430983,153,0.009996835171322473
1497,424331,154,0.009884856512019487
1498,437844,153,0.009938110323486318
1499,388827,151,0.009827624768146472
1500,402542,152,0.009994186894547206
1501,400599,150,0.00999408068761403
1502,437021,151,0.00998111033831391
1503,389148,146,0.009962486883616168
1504,407174,152,0.009965623436421874
1505,415437,152,0.009955685501960517
1506,402254,151,0.009745419912213763
1507,419028,153,0.009949673086094167
1508,425922,154,0.00999557723985422
1509,428607,151,0.0098761978883441
1510,424904,154,0.009972511025003801
1511,410784,152,0.009953959984124133
1512,412597,149,0.00997617102626587
1513,416421,149,0.009961286193546963
1514,440891,152,0.009922103421414972
1515,412666,150,0.0099794641308497
1516,405919,150,0.009991884824787871
1517,391886,148,0.009810318555282261
1518,426268,151,0.009968588265030436
1519,408628,150,0.009996532412597384
1520,399807,150,0.009792362687021616
1521,406874,146,0.009965952402052553
1522,408509,134,0.009968351023569319
1523,426856,140,0.009976552405707726
1524,411226,139,0.009858229606286071
1525,406572,143,0.009997245516291558
1526,389230,144,0.009986073098645897
1527,409918,141,0.009885286167340059
1528,416023,145,0.009945270325955284
1529,411027,142,0.009844686153340053
1530,408803,142,0.009952006880002372
1531,415080,148,0.009916228246975257
1532,423558,141,0.009952524811215452
1533,413891,140,0.009932614459522227
1534,403192,142,0.009973376542543636
1535,408090,141,0.009936266184919374
1536,434067,142,0.009997477930164804
1537,401400,140,0.009933525494319136
1538,413356,142,0.009975049646568843
1539,420826,140,0.009993935859977883
1540,396673,141,0.009956564812608556
1541,402309,142,0.009984616546419498
1542,418518,148,0.009925502043276567
1543,420313,151,0.00984025097939689
1544,394886,152,0.009990186203512485
1545,408924,150,0.009956947571361232
1546,392897,149,0.009992806204415932
1547,385539,150,0.009936307564243988
1548,433985,151,0.009991611721245422
1549,393875,151,0.009725232319045627
1550,433295,154,0.009992413790487514
1551,406294,153,0.009997389654272295
1552,425448,152,0.009990423444973601
1553,404995,147,0.009915764798539586
1554,431601,153,0.009996649654017122
1555,412566,152,0.009966075850370983
1556,401989,150,0.009903275139060393
1557,408184,153,0.00998523102939001
1558,410071,152,0.009821908214451109
1559,428381,154,0.009919479972234474
1560,394161,153,0.009966514471211886
1561,416876,151,0.009880491682928167
1562,416923,150,0.009982566200884897
1563,413179,146,0.009940935152046604
1564,422653,146,0.0099848324085629
1565,429537,150,0.009998709654727466
1566,418301,144,0.009956311019417593
1567,426036,148,0.009930771700266103
1568,404892,146,0.009959369641161946
1569,376845,139,0.009956714467832575
1570,418498,140,0.009966864126504871
1571,412790,141,0.009961288952168605
1572,393861,140,0.00993265239056979
1573,410216,140,0.009960854469260162
1574,402183,141,0.009863896504791898
1575,396608,141,0.009858342020117938
1576,415392,148,0.009968253092501066
1577,420609,150,0.009978409647727464
1578,400260,139,0.009820853731328873
1579,426518,145,0.009917012385176685
1580,413722,142,0.00997235033529322
1581,407591,141,0.009990333789770272
1582,407539,144,0.009987718616454696
1583,410732,143,0.00995410481176028
1584,406416,141,0.00996026826216147
1585,429757,143,0.00985548132947632
1586,432170,148,0.009860846158912468
1587,424550,146,0.009891170996955516
1588,399507,142,0.009850470293265618
1589,400582,143,0.009957392399100828
1590,411843,147,0.009952484121546248
1591,414786,145,0.009948321361490124
1592,416796,143,0.009984402063586919
1593,405203,141,0.009950635155391433
1594,444312,144,0.009967259299054931
1595,413464,145,0.009995159308675623
1596,428379,143,0.009953351018396903
1597,421728,145,0.009910404107035899
1598,433395,149,0.009997509654313674
1599,417343,148,0.00995038205185588
1600,414066,144,0.009932815838902013
1601,401858,145,0.009882390993927929
1602,410932,148,0.009997874482025684
1603,405726,150,0.009961182055580019
1604,433245,149,0.009808921313421143
1605,398740,154,0.009948115844177877
1606,399673,153,0.009939457910157901
1607,411196,150,0.009893882032373114
1608,429420,153,0.009974644818843042
1609,412238,151,0.00999753034397598
1610,401440,149,0.009996952412742212
1611,402094,151,0.009960704814036143
1612,417584,152,0.009989365513574315
1613,426952,152,0.009966562747090603
1614,396652,152,0.00995572136404185
1615,404536,151,0.009991067583126753
1616,375051,150,0.009963949642741256
1617,397155,151,0.009982305511139832
1618,411187,151,0.009863390297720792
1619,413332,150,0.009943231014907246
1620,414256,149,0.009712147486947409
1621,414908,154,0.009977039992082756
1622,413032,154,0.009926500664310573
1623,428768,151,0.00999676689543686
1624,406967,150,0.009985955857226158
1625,395520,150,0.009968071023472767
1626,414573,153,0.00989685858512365
1627,448606,152,0.009963031711390246
1628,463691,151,0.009993168963161712
1629,420607,152,0.009914273073887267
1630,402167,151,0.009993816549591914
1631,391813,150,0.009893330997700345
1632,405255,151,0.00995755515777764
1633,409173,152,0.009956070329679424
1634,434174,153,0.009975995853791674
1635,415315,150,0.009929427561871573
1636,417430,151,0.009908044795877516
1637,392099,151,0.009986925512732935
1638,407000,149,0.009904946174119371
1639,421227,151,0.00988511030521045
1640,415550,152,0.009969382058407606
1641,415883,150,0.009990596548481568
1642,390422,151,0.009913652384018064
1643,409047,152,0.009996126895216171
1644,405090,149,0.00999584896408585
1645,385413,150,0.009970265506988107
1646,405152,151,0.009863908228933871
1647,403913,152,0.00986957650675052
1648,413483,152,0.0099610930900321
1649,405504,152,0.009957662054366226
1650,388711,149,0.009880347544947429
1651,398356,150,0.009924537215357661
1652,410167,150,0.00993250342500118
1653,421136,152,0.009879637199874896
1654,411504,151,0.009981658614365039
1655,396339,149,0.009994304135966943
1656,399651,150,0.0098170654541605
1657,415015,145,0.009939273082507959
1658,389371,148,0.009997165516263971
1659,421206,153,0.009984973098266585
1660,418897,150,0.00997839309599762
1661,417601,150,0.009844456498088447
1662,426850,150,0.009957792399238758
1663,398850,151,0.009870195127653492
1664,402505,151,0.009881136510736728
1665,408181,148,0.009995410343244946
1666,399664,152,0.009960069641403325
1667,372755,150,0.009898735827150285
1668,429575,151,0.009884714443004981
1669,434487,152,0.009911024796905102
1670,433150,153,0.009833553046052775
1671,419902,153,0.009983731718528179
1672,430502,151,0.009941847566154334
1673,414326,150,0.009997448274982165
1674,415001,151,0.009886559271227335
1675,409434,152,0.009948617913316521
1676,405006,150,0.009820341317359075
1677,389107,151,0.009936659288503203
1678,408819,149,0.009896173067645885
1679,426559,152,0.009975215163867297
1680,423888,152,0.009958252399397379
1681,405910,150,0.009951853776501303
1682,437924,150,0.009890468927747906
1683,418907,151,0.009978314475280853
1684,392487,148,0.009913722039214496
1685,409927,150,0.009948627568492265
1686,415290,146,0.009979134475563612
1687,413930,150,0.009987217926626872
1688,405155,152,0.009919859282710098
1689,412295,150,0.009936115840039944
1690,419271,152,0.009900357896675137
1691,405210,151,0.009981771028196907
1692,414989,150,0.009995726895078239
1693,423996,146,0.009980061372434956
1694,418164,150,0.009874260646296774
1695,429864,152,0.009847337188736961
1696,406657,151,0.009959913779280613
1697,402051,151,0.009787683375063232
1698,443454,151,0.009922084111063486
1699,415588,150,0.009842250290431134
1700,420387,150,0.009884513753280604
1701,439978,146,0.009766444057394503
1702,429208,150,0.0099802868897541
1703,411632,150,0.009858829606492968
1704,404598,149,0.009968499989137927
1705,392930,149,0.009856996502412587
1706,407089,147,0.009932992390687031
1707,426129,146,0.009979795855102018
1708,429583,149,0.009931860666158851
1709,410656,148,0.009984476546371223
1710,406580,151,0.009992569652610224
1711,389776,149,0.00980583027787251
1712,416640,151,0.009881357200468
1713,406742,152,0.009980079993131032
1714,413032,152,0.009958109640727462
1715,390887,150,0.009953575846060637
1716,401480,150,0.009805390277720786
1717,432757,154,0.009973258611468487
1718,424555,153,0.00993335308046658
1719,418954,151,0.009953505501208793
1720,401983,150,0.009961631710907486
1721,420470,149,0.009902234449046362
1722,405043,150,0.009850946845154085
1723,417421,154,0.009857179261096296
1724,416511,153,0.00997873102714863
1725,412234,152,0.009799860620641594
1726,449994,153,0.009947315843902016
1727,392381,152,0.009902907552726742
1728,411384,150,0.009948665499539827
1729,407425,150,0.009995047584499168
1730,400734,150,0.00985367994954481
1731,444009,150,0.009973728956458261
1732,446341,151,0.009920807558899158
1733,415226,152,0.009906718588523652
1734,419305,148,0.009966576540198807
1735,419564,151,0.009996653791949583
1736,405314,151,0.00999380068751748
1737,387348,149,0.009951181362476332
1738,400251,150,0.009997821378559096
1739,424583,152,0.0099151385914271
1740,415760,147,0.009938757220261111
1741,398741,143,0.009921799283379064
1742,434880,151,0.009977261371469438
1743,394109,151,0.00995822550283638
1744,426380,149,0.009974815163729367
1745,450099,151,0.009995868274437335
1746,401570,152,0.009928032388976686
1747,424377,151,0.009999651724017835
1748,402074,147,0.009914326867009264
1749,393524,150,0.009792428204285587
1750,428944,153,0.009986661374710819
1751,414959,149,0.009987551030190011
1752,427504,150,0.009956761364400471
1753,418088,143,0.00993039445875671
1754,418837,149,0.009983691028858975
1755,394110,149,0.009827975802750277
1756,414733,153,0.00995011170693507
1757,394324,154,0.00999905310312176
1758,414022,150,0.009875261336297013
1759,403305,150,0.009852452362914607
1760,422305,146,0.009960739296806654
1761,420753,150,0.009929828251664915
1762,413559,147,0.009859409606692968
1763,423795,151,0.009984717925764802
1764,417220,152,0.009945059291399756
1765,405343,152,0.009996144136601427
1766,401571,149,0.009954239294565273
1767,442523,152,0.009804599932620667
1768,394440,152,0.009965999988275858
1769,384513,150,0.009892482721545767
1770,421566,154,0.009951625500560517
1771,402130,151,0.009948273775266818
1772,427066,150,0.009997746206119382
1773,439129,143,0.009926541353979777
1774,414278,148,0.009975869646851602
1775,425857,151,0.009991288272858025
1776,431593,149,0.009731826804078208
1777,402898,151,0.009884850994776205
1778,369789,150,0.00999005447932913
1779,399750,143,0.009995653101949345
1780,415243,150,0.009944240670427817
1781,432940,150,0.009964791022341732
1782,425484,150,0.009993444135670392
1783,403000,149,0.009872539956048261
1784,402119,150,0.009973753094397618
1785,387413,149,0.009926337905633761
1786,393944,149,0.009920675834715805
1787,404609,148,0.009924308939416876
1788,414325,150,0.00991147238326634
1789,419505,153,0.00979252544569843
1790,415842,152,0.009910980658958847
1791,427551,152,0.009989395858412365
1792,400277,148,0.009902153069707955
1793,431061,151,0.009950477913957902
1794,399265,148,0.009975715853695121
1795,426121,149,0.009810124762111986
1796,408219,148,0.009841244772843025
1797,395607,153,0.009912374452542914
1798,409784,151,0.009866453057397606
1799,396404,154,0.009987515168108679
1800,431400,149,0.009778741992669652
1801,401612,150,0.009997881378579786
1802,400614,150,0.009995529653630915
1803,423212,151,0.00995792205445588
1804,404717,152,0.009919617213661108
1805,428577,151,0.009936056529674666
1806,427769,153,0.009993337928737217
1807,399211,149,0.009987228961113434
1808,399547,147,0.009919271696300585
1809,404903,150,0.00983051580362614
1810,400636,149,0.009920766179574545
1811,425750,150,0.009996782067855885
1812,423648,149,0.009992684135408323
1813,447568,152,0.00984217029040355
1814,401017,151,0.009918392385652546
1815,405283,150,0.009964371022196904
1816,401688,149,0.009961281365959092
1817,403098,150,0.009822992352755983
1818,413195,153,0.009935372391507722
1819,408140,148,0.009991508962589298
1820,427716,148,0.009967855850984777
1821,393034,151,0.009929057906571693
1822,441444,151,0.009945626877802372
1823,411952,147,0.009976084129684183
1824,424805,146,0.009941626876423061
1825,428067,152,0.009939995841377877
1826,409872,150,0.009954749639568841
1827,455928,150,0.009920608938141014
1828,397352,152,0.009987079995544827
1829,397531,151,0.00999831793045446
1830,399631,151,0.009979165510057073
1831,414906,152,0.009951777914406178
1832,390218,152,0.00989847513740522
1833,430048,149,0.009945413084625201
1834,446321,150,0.00993121997628275
1835,427980,153,0.009901750310948382
1836,431284,151,0.009881702717828523
1837,403024,148,0.009984360684262304
1838,421901,150,0.009935784805443037
1839,409992,149,0.009847441326703905
1840,442627,143,0.009980586200202137
1841,405082,140,0.009949656534364323
1842,405365,140,0.009987618616420212
1843,389915,146,0.009985178615578834
1844,432147,149,0.009961111710728176
1845,412542,151,0.009942639980220682
1846,445664,148,0.009956963433435667
1847,388735,150,0.009841615117798316
1848,433868,154,0.009941476531543631
1849,417620,153,0.009973160680400234
1850,383855,151,0.00993668066782092
1851,447251,150,0.009991248272844233
1852,396755,150,0.009954586191236618
1853,390799,151,0.009918513075349336
1854,421345,152,0.009970286886305822
1855,462267,151,0.009997081378303924
1856,396419,150,0.009963749642672291
1857,413202,151,0.009796330274596646
1858,398347,151,0.009969288954927226
1859,418546,148,0.009994321377352199
1860,412274,150,0.009748830258217331
1861,441698,154,0.009972266197333171
1862,412613,154,0.009990457927744114
1863,400745,153,0.009958402054621398
1864,394407,150,0.009906129622803319
1865,401817,149,0.009981120683145063
1866,404714,152,0.009884995132756943
1867,431204,149,0.009936140667634713
1868,420235,153,0.00998675861612366
1869,386571,153,0.009936811012693452
1870,423116,152,0.00999948137913151
1871,405033,151,0.009920654455398088
1872,431243,152,0.009949953086190719
1873,433857,151,0.009782798545792603
1874,402020,152,0.009960009641382635
1875,418849,152,0.009961627572975026
1876,416943,154,0.009878303406311519
1877,428638,154,0.009979474475680854
1878,408345,151,0.009895037205185243
1879,408900,153,0.009810802693380239
1880,435009,152,0.00989286410098762
1881,392028,147,0.009902254449053259
1882,414363,140,0.009971094472791198
1883,404340,146,0.009999142068669678
1884,408208,141,0.009851184086615202
1885,434726,140,0.009950599982965512
1886,390838,141,0.009976406888416169
1887,425490,148,0.009990833100287276
1888,403096,147,0.009997987585512961
1889,418677,152,0.009934312391142204
1890,411259,142,0.009958662744366464
1891,425882,140,0.009968459989124134
1892,408198,140,0.009939113082452787
1893,443252,141,0.009932919976868957
1894,406073,141,0.009995948274464922
1895,419844,147,0.009999062758297502
1896,464151,144,0.009824888905134105
1897,403576,148,0.009885485477753614
1898,414593,148,0.00990159031089321
1899,412434,149,0.00980256406984968
1900,418310,145,0.009902768242333876
1901,402035,148,0.009982894476860165
1902,431941,152,0.009922810318210455
1903,382512,151,0.009995304825967182
1904,413675,150,0.009958801365103919
1905,370696,149,0.009805723381283925
1906,417332,153,0.00990415100143138
1907,410027,152,0.009816680626441596
1908,428001,153,0.009999281379062544
1909,420735,151,0.00993240894220998
1910,395126,151,0.009970484127753148
1911,417927,148,0.009980662751952673
1912,441212,152,0.009989647582637097
1913,447181,151,0.009972057231743874
1914,422117,152,0.009997167585230202
1915,413966,153,0.009926788250616637
1916,396831,151,0.009861744779911993
1917,414797,152,0.00999618758489227
1918,416917,148,0.009992728273354578
1919,412211,146,0.009803015794143378
1920,404490,152,0.0099516648109189
1921,416297,147,0.009912415142212118
1922,419660,149,0.009924887560306055
1923,411756,148,0.009984248270430438
1924,395305,146,0.009969335851495122
1925,407060,144,0.00985490132927632
1926,418853,146,0.00999697792999239
1927,386627,145,0.009915526177767647
1928,422151,146,0.0099656386088409
1929,407328,148,0.009916089626237802
1930,407849,147,0.00999572896404447
1931,432966,141,0.009994952412052557
1932,452595,144,0.009972907576864682
1933,401952,147,0.009923842732359562
1934,456464,152,0.009980172406956003
1935,399362,148,0.00980442476014647
1936,418555,154,0.009934860667193334
1937,427276,152,0.009917778592337445
1938,411717,149,0.009995663446780498
1939,433116,150,0.009992166893850653
1940,421045,151,0.009801186827995459
1941,444393,149,0.009905868933058252
1942,408545,149,0.009996902067897264
1943,417883,148,0.00995496136377978
1944,406947,148,0.009923495146032808
1945,428823,146,0.009767059230020424
1946,449590,153,0.009987843444083946
1947,414485,150,0.009938873082370028
1948,398552,152,0.009993597928826871
1949,386782,148,0.009929932389631859
1950,442065,149,0.009920113075901061
1951,391388,140,0.009897242033531735
1952,430382,142,0.009929505492932929
1953,371760,140,0.009809613037797598
1954,422248,142,0.009985974477922233
1955,414306,143,0.009965931712390245
1956,437486,143,0.009948272395955998
1957,396248,150,0.009987239995599998
1958,406711,150,0.009969626886078237
1959,405902,148,0.009807409588761928
1960,400428,149,0.009949241361807366
1961,422460,150,0.009847665464712229
1962,407564,150,0.009958458606365036
1963,439932,152,0.009939278599751241
1964,401223,147,0.00996972688611272
1965,384602,142,0.009885605477794992
1966,385849,142,0.00995078205199381
1967,441029,143,0.009870233058701055
1968,410262,147,0.009813267521816387
1969,412926,149,0.009752679914717212
1970,444916,149,0.009869190299720793
1971,428358,150,0.00993277101130035
1972,460674,151,0.009936670322989767
1973,401659,149,0.009898499964999988
1974,417781,151,0.009911575831577873
1975,411886,153,0.009949125499698449
1976,407805,151,0.009888624789180962
1977,422529,150,0.0099185241098359
1978,440284,152,0.009802542000876551
1979,431308,151,0.009959912399969793
1980,390395,148,0.009970339300117
1981,404574,150,0.009954097915206178
1982,402284,151,0.009827206836967875
1983,406936,150,0.009992227583526752
1984,396685,147,0.00991074203818691
1985,405530,151,0.009849876499957414
1986,410184,153,0.00998852413397384
1987,396441,149,0.009931050321051835
1988,399222,148,0.009966214471108438
1989,384425,150,0.009989515168798334
1990,409931,149,0.009743998532413287
1991,405071,154,0.00986323098732103
1992,401096,151,0.009922548249154568
1993,425781,148,0.009934416529109149
1994,465220,152,0.009945402050138639
1995,433407,151,0.009935286874236853
1996,415962,150,0.00994000825517526
1997,419252,150,0.009985843443394291
1998,415607,149,0.009812772349231844
1999,424026,147,0.009864242022152421
2000,430027,150,0.009827383388752893
2001,421869,149,0.00998446758085089
2002,407386,138,0.009991369652196432
2003,428788,142,0.00999789379237717
2004,393161,140,0.009728514389142892
2005,418483,152,0.009991799997172413
2006,410377,146,0.009910524107077278
2007,417675,144,0.00997863930297907
2008,407112,146,0.009983148270051128
2009,406783,143,0.009951897914447557
2010,438840,142,0.009864259263537676
2011,403301,140,0.00986744478187751
2012,393079,148,0.009951106879692027
2013,412375,152,0.009925836526150526
2014,398390,147,0.009962217228350768
2015,409254,149,0.009936907564450884
2016,400806,148,0.009895512377762889
2017,402938,151,0.009977333785287512
2018,413328,153,0.00995944205498002
2019,415915,150,0.009960395848412362
2020,413111,150,0.00999795448205327
2021,424169,151,0.009958206192484893
2022,397786,149,0.009932520666386436
2023,407127,152,0.009929002734138874
2024,426931,153,0.009998318620109869
2025,403532,153,0.009955031018976214
2026,398631,153,0.009996944826532699
2027,398237,149,0.009997039309323899
2028,427807,148,0.009804621311938383
2029,408773,153,0.00975386336340116
2030,415002,154,0.009800890276169061
2031,406429,153,0.009720579903648243
2032,438043,153,0.009930611700210932
2033,432203,154,0.009959187572133646
2034,412287,153,0.009901524793629239
2035,438244,152,0.009928153768328885
2036,405228,151,0.009974482749821639
2037,430793,152,0.009995669653679191
2038,447865,153,0.009858622020214489
2039,400766,153,0.009973126887285133
2040,404631,149,0.009971408266002851
2041,381480,149,0.009847230981803786
2042,420927,153,0.009975139301772172
2043,436919,153,0.009892642721600939
2044,402520,154,0.009805626829526492
2045,431441,153,0.009930842045117946
2046,454221,152,0.009944639980910339
2047,400506,153,0.009928597216757661
2048,440301,152,0.009953022052766224
2049,391638,151,0.0098855992708963
2050,420329,152,0.009938150323500112
2051,402148,149,0.009960368262195953
2052,395995,149,0.009875168922472042
2053,424235,153,0.009952782742338876
2054,432915,151,0.009978859303054931
2055,452161,150,0.009987710340589772
2056,417068,147,0.009966853781673718
2057,432656,151,0.009908620658145054
2058,409308,152,0.009969537230874907
2059,429189,151,0.009991138617634007
2060,398919,147,0.009975779301992864
2061,387666,151,0.0099313110107969
2062,384434,153,0.009923208939037566
2063,400746,153,0.00997257102502449
2064,415113,147,0.009970928955492743
2065,394000,144,0.009832561321572869
2066,395714,142,0.009943662049538638
2067,422539,143,0.009818387523581905
2068,394433,141,0.009847596499171206
2069,382024,144,0.009989365513574315
2070,399358,141,0.009996322757352676
2071,390119,137,0.009962369642196428
2072,386229,141,0.009977463440504635
2073,435884,140,0.009931681355752191
2074,419483,141,0.009974226198009034
2075,425651,140,0.009898868930644459
2076,456655,142,0.009995185515581212
2077,424624,146,0.009865006850002363
2078,427136,148,0.009933401356345295
2079,404477,140,0.009985618615730557
2080,400473,148,0.00996170274541474
2081,435301,143,0.009969548955016882
2082,411950,151,0.00987961788952341
2083,430759,151,0.009928093768308196
2084,419293,149,0.009862661331952183
2085,406019,152,0.009871416507385003
2086,432163,149,0.009971293783204754
2087,434890,147,0.009859795813722694
2088,420086,151,0.009999716551626398
2089,405229,152,0.009992287583547442
2090,412277,150,0.009979353096328653
2091,412699,151,0.00996713998866896
2092,439580,150,0.009980403441518428
2093,453112,150,0.009962386883581684
2094,401221,152,0.009991220686627823
2095,435873,152,0.00998016826902354
2096,387476,150,0.00989124547973982
2097,399639,152,0.009966084126235905
2098,440509,153,0.009975329646665395
2099,430162,153,0.009978200682138167
2100,402964,151,0.009955493088101066
2101,421218,152,0.009945971015852074
2102,446720,148,0.009938191702824724
2103,420852,151,0.00981153717639213
2104,402512,154,0.009950128258664917
2105,405312,153,0.009807818554420191
2106,408953,152,0.009982131717976454
2107,396145,146,0.009962759987158617
2108,418937,152,0.009951951707569554
2109,436413,152,0.00989307513554315
2110,427003,152,0.00998452827052699
2111,408556,148,0.009979122061766228
2112,413016,149,0.009955484122580733
2113,403555,148,0.009794275101474173
2114,427864,154,0.009989821375800475
2115,418277,151,0.009984582063648988
2116,424298,153,0.00999493586032271
2117,411612,151,0.009885522719145765
2118,414555,153,0.009924327560112951
2119,391769,150,0.009851904776518889
2120,413525,151,0.00992007997244137
2121,418905,149,0.009966413781521993
2122,390734,148,0.009906169622817112
2123,395552,149,0.009956285502167414
2124,393100,144,0.00976551785017857
2125,393422,150,0.009879377889440651
2126,420669,150,0.009981423441870153
2127,386399,152,0.009892346169774541
2128,412927,150,0.009984011028969321
2129,423296,151,0.009975600681241615
2130,414397,148,0.009961529641906773
2131,412772,152,0.009952304121484179
2132,420117,151,0.009875081336234943
2133,429464,153,0.00996520964317574
2134,392713,148,0.00998837861668228
2135,455841,144,0.009997348964603091
2136,431660,143,0.00998928689285755
2137,410118,149,0.009795155791433032
2138,411602,150,0.009941675152301776
2139,386979,148,0.00993735721977835
2140,418227,147,0.009993382066683472
2141,419112,147,0.009835182012131728
2142,410593,145,0.009924155835915806
2143,439595,142,0.009960616538143634
2144,397446,140,0.009939594461929125
2145,407942,148,0.0099740620600214
2146,406064,150,0.009894953067225196
2147,410717,153,0.009983028270009749
2148,422785,152,0.009991261376297026
2149,433220,153,0.009949126189353858
2150,410667,150,0.009897311688728169
2151,439381,148,0.009998871723748871
2152,414637,150,0.009944911015486557
2153,388192,150,0.009982649649189533
2154,431937,150,0.009950939983082753
2155,392690,150,0.009946180671096783
2156,398865,152,0.009931167562471574
2157,422102,151,0.009984117925557905
2158,435582,152,0.009981727579906062
2159,432799,153,0.009990616548488465
2160,414576,152,0.00986521374662543
2161,406086,153,0.009873244094222102
2162,417483,152,0.00998816344419429
2163,408710,152,0.009985922064111056
2164,394611,147,0.009995721377834959
2165,444248,150,0.00985203236276978
2166,399660,154,0.009980645510567418
2167,416060,153,0.009934700667138162
2168,413000,151,0.009921225490077755
2169,386813,145,0.009953186190753858
2170,398696,147,0.009910179279372166
2171,404955,147,0.009967391712893695
2172,439924,153,0.0099421689455755
2173,401540,150,0.009860985469305335
2174,433376,145,0.009902093759342676
2175,419720,143,0.009995413101866586
2176,425538,153,0.009975988957237572
2177,417242,151,0.009972479990510342
2178,420965,146,0.00996908757554744
2179,411553,149,0.00997903654449536
2180,423011,151,0.009977254474915336
2181,383337,148,0.009797554412949798
2182,401647,148,0.009897840654427812
2183,407033,151,0.009951308948727224
2184,414185,151,0.009868643402980484
2185,427442,152,0.009983773097852793
2186,422165,148,0.009973157921778594
2187,380569,150,0.009860039262082504
2188,398382,152,0.009972001369655644
2189,407349,149,0.009907799278551475
2190,395761,151,0.009936344805636139
2191,415434,149,0.009914232384218064
2192,426496,149,0.009883926856526502
2193,407500,149,0.009894652377466336
2194,411878,148,0.009912810314762177
2195,404681,151,0.009934804115449695
2196,445330,151,0.009996784826477527
2197,393399,149,0.009983624821939594
2198,431664,151,0.009997371723231629
2199,394680,150,0.009936553771225438
2200,401917,149,0.00992447583602615
2201,439235,151,0.009932918597558137
2202,419631,153,0.009835498563965022
2203,373303,153,0.009974217922144112
2204,388115,150,0.009983424132215217
2205,415122,151,0.009945248256982158
2206,399920,149,0.009993878618578833
2207,407957,150,0.009958212399383586
2208,439091,152,0.009981861373055645
2209,385459,154,0.009987876547543637
2210,431956,151,0.009971054472777404
2211,392223,150,0.009995088274168371
2212,418978,150,0.00992032342080118
2213,444842,149,0.009920468938092737
2214,432418,150,0.00988691099548655
2215,401342,150,0.009881523407421865
2216,430516,152,0.009941642738497496
2217,423464,150,0.00988706478864303
2218,415002,149,0.009987043443808083
2219,395908,150,0.009837297874930302
2220,402505,153,0.009888888237547667
2221,433848,151,0.009933960666882988
2222,436401,151,0.009891444100497965
2223,400530,151,0.009945205498346724
2224,433407,150,0.009992784135442806
2225,416748,151,0.009893965480677752
2226,428278,150,0.009996653102294173
2227,424184,152,0.009991907583416408
2228,409152,151,0.009908647554706053
2229,447365,152,0.009975421370834955
2230,444374,151,0.009961523435008082
2231,411461,151,0.009989157927295838
2232,427807,152,0.009902006173105576
2233,383626,150,0.009988993099652793
2234,433286,151,0.009999079999682758
2235,417990,151,0.009957785502684656
2236,406649,150,0.009993671032300356
2237,413862,149,0.009972227576630199
2238,423311,151,0.009957925502732933
2239,399543,151,0.009932265493884653
2240,402848,149,0.00998800551310535
2241,391230,151,0.009997811033727943
2242,447127,150,0.009964411711866107
2243,431556,147,0.009986382753925088
2244,434677,138,0.009945536532943632
2245,414568,148,0.009969713093004515
2246,407966,152,0.009941918600661586
2247,396650,153,0.009807214416280833
2248,435761,154,0.009928054457949814
2249,419924,154,0.009900411000141725
2250,407469,147,0.009919596523998802
2251,418016,151,0.009984362063573126
2252,447331,154,0.009975337922530319
2253,408901,150,0.009942588945720325
2254,445250,149,0.009988994478963613
2255,435860,152,0.009926482733269909
2256,377809,152,0.009991352410811177
2257,399682,153,0.009980063441401187
2258,437527,147,0.009889037203116277
2259,429796,153,0.009918508247761465
2260,410615,153,0.00999008344485636
2261,395346,149,0.009931046183119373
2262,418085,152,0.009979766199919379
2263,396280,153,0.009981288269409748
2264,417033,152,0.009972800680276096
2265,410767,151,0.009990552410535314
2266,421548,149,0.00999658482640856
2267,421199,151,0.009930379286337686
2268,393377,150,0.009977120681765752
2269,429857,152,0.009997780688889893
2270,404713,150,0.009823272352852536
2271,406945,147,0.009935936529633286
2272,401408,140,0.009992321376662543
2273,434250,145,0.00999770758541641
2274,434931,143,0.009872707542312946
2275,404105,136,0.009995159998331034
2276,439428,134,0.009903772380611166
2277,384209,129,0.00994535101563828
2278,408619,130,0.009916566867781678
2279,419158,136,0.009968777230612838
2280,388381,137,0.009984855167191437
2281,384051,151,0.009920637903668242
2282,399933,148,0.009975204129380735
2283,419022,135,0.009999812413728418
2284,423576,130,0.0099916979281717
2285,402223,132,0.009953348259775263
2286,403102,132,0.00996862826504423
2287,385490,135,0.009949685499891552
2288,408220,134,0.009961363434952908
2289,390463,131,0.009987110340382877
2290,423396,139,0.009956286191822825
2291,375625,139,0.009959561365365988
2292,399258,142,0.009963270332162183
2293,418329,145,0.00999258344571843
2294,404218,137,0.009937663426780492
2295,427557,143,0.009979339303220449
2296,410330,132,0.009831618562627091
2297,415658,136,0.009944301360103918
2298,428210,143,0.009936546185015925
2299,401053,139,0.009917342730118182
2300,393901,142,0.009993535170184541
2301,408053,142,0.0099277703199208
2302,419543,140,0.009948993085859685
2303,388643,142,0.009927310319762178
2304,415230,151,0.00996661378159096
2305,403302,152,0.009977842061324849
2306,404373,148,0.00982764890608583
2307,439578,151,0.009989908272382162
2308,418757,152,0.009941512393624964
2309,382948,149,0.009999676551612604
2310,428061,150,0.00989045030705183
2311,399977,153,0.00984449580844683
2312,405955,152,0.009837372357714607
2313,415834,152,0.009986765512677763
2314,398343,149,0.009910203417311523
2315,391022,151,0.009985389650134362
2316,460216,149,0.009996598619516765
2317,394742,148,0.009903308932175494
2318,407228,151,0.009900026172422818
2319,418944,151,0.009880207544899154
2320,422982,154,0.009960743434739116
2321,407862,152,0.009982174476611889
2322,425869,153,0.009964855849950292
2323,428734,152,0.009968984127235906
2324,415093,150,0.009892028928285838
2325,426640,150,0.009973381370131507
2326,398825,148,0.009929453079121752
2327,444759,153,0.00987784547511913
2328,432897,153,0.009910917900316518
2329,419892,153,0.009943597221930077
2330,437269,154,0.009963216539040186
2331,400582,153,0.009991842755807848
2332,430402,153,0.009998555861570987
2333,432475,153,0.009959775158543158
2334,393888,147,0.009980670338162186
2335,384923,149,0.009995098618999524
2336,381248,149,0.009719904731001632
2337,409541,153,0.00990226341457359
2338,397635,153,0.009915393074273474
2339,448246,153,0.009980545510532934
2340,407582,150,0.009976260681469201
2341,397333,151,0.009931537217771454
2342,438830,154,0.009973132404528415
2343,411316,151,0.0099562372262887
2344,412057,149,0.009985906202036621
2345,394841,146,0.00972536473288439
2346,404063,153,0.00999429172216956
2347,393116,150,0.009862662021607594
2348,424900,152,0.009902966863092022
2349,417340,151,0.009992084824856836
2350,395636,146,0.009974556542950532
2351,431474,147,0.009946285498719138
2352,443889,152,0.009895094446584292
2353,415324,151,0.009983912408245659
2354,400202,151,0.009981431028079664
2355,445752,152,0.009997827585457789
2356,407610,149,0.009827851664776436
2357,430137,151,0.009981459303951484
2358,399803,150,0.009827918561351227
2359,408059,152,0.00998550344327705
2360,430096,150,0.009916979281716993
2361,404916,151,0.009979853786156479
2362,413626,150,0.009895846170981439
2363,426619,151,0.009998450344293221
2364,423055,150,0.009909551692948859
2365,418028,151,0.009948506878795475
2366,416538,153,0.009996626205733175
2367,393539,153,0.009938566875367889
2368,410570,148,0.009976771026472767
2369,411287,152,0.009959060675538164
2370,425541,151,0.009917328937009978
2371,395720,151,0.009893175825233044
2372,435033,148,0.009772314404246347
2373,441739,153,0.009835041322428042
2374,412004,154,0.009976477233268012
2375,421222,153,0.009974228956630674
2376,413640,152,0.009994629653320571
2377,413249,151,0.009972652404362898
2378,403713,152,0.00998584068477265
2379,389894,150,0.009939509634313667
2380,416439,148,0.00990396962205849
2381,426170,152,0.009945097912102728
2382,416963,152,0.009971360679779545
2383,422314,151,0.009922455835329599
2384,400409,151,0.00997241792152342
2385,389748,151,0.009982135166253505
2386,398773,151,0.009979048268637334
2387,422601,150,0.009966407574623302
2388,402956,151,0.009868352368397369
2389,432118,154,0.009999662068848988
2390,414041,150,0.00998013378625303
2391,402981,150,0.00993729239216979
2392,422351,152,0.009898099964862057
2393,414488,151,0.009893552377087026
2394,383619,147,0.009904114449694638
2395,435137,150,0.009972938611358142
2396,434245,147,0.009834322011835176
2397,404601,150,0.009987205512829488
2398,378944,145,0.00991352410811176
2399,430420,150,0.009669904024104836
2400,399824,146,0.009789572341231841
2401,390246,142,0.009907610312969073
2402,398268,141,0.009992923445835671
2403,427588,140,0.009989311030796907
2404,389418,141,0.009940069634506771
2405,387037,139,0.009955320674248508
2406,392675,138,0.009655952984811374
2407,423811,147,0.009856386847029948
2408,413909,142,0.00983777925440664
2409,417410,144,0.009802981311372866
2410,405106,153,0.009891168927989285
2411,407824,149,0.009997204826622355
2412,429840,154,0.009849888913754799
2413,424432,153,0.009960351710466107
2414,403245,152,0.009975746888188582
2415,415218,154,0.009871381334959082
2416,434329,154,0.009876861336848737
2417,408226,153,0.009971099990034479
2418,379411,153,0.009995508963968608
2419,426199,152,0.009908011002762415
2420,407792,148,0.00999386413581522
2421,420052,149,0.009665444022566904
2422,407370,154,0.009840835117529352
2423,387641,152,0.009946601360897022
2424,385528,152,0.009908013761384055
2425,406883,149,0.009931606183312477
2426,401752,152,0.009949669637817116
2427,389698,147,0.009766146126257286
2428,448237,154,0.009911375831508907
2429,418882,154,0.009913177211440418
2430,428313,154,0.009859253744570256
2431,413282,152,0.009878145475222578
2432,421846,151,0.009951990328272526
2433,406363,153,0.009995957929640665
2434,422392,154,0.009997295861136504
2435,386680,153,0.009937049633465391
2436,398203,150,0.00995855791674411
2437,459533,151,0.009974798611999522
2438,425191,151,0.009972164817987869
2439,412268,153,0.009966136540047082
2440,443820,150,0.009899195827308907
2441,399283,151,0.009996503447070154
2442,428418,149,0.009906858588571927
2443,427187,153,0.009990047582775028
2444,426889,152,0.009910319969075852
2445,400167,151,0.00995380205303519
2446,399420,151,0.009984851029258975
2447,432355,151,0.009971999990344824
2448,416263,152,0.009946464809125796
2449,390438,151,0.00999771241300428
2450,411787,152,0.009999780689579548
2451,408079,151,0.009956480674648509
2452,399069,151,0.009850406155312467
2453,424711,151,0.009999396551516052
2454,415501,153,0.009965932402045656
2455,375633,149,0.009916903419621868
2456,427388,145,0.00999362137711082
2457,435399,152,0.009867818575109854
2458,408689,152,0.009994818618902971
2459,399273,150,0.009971297921137214
2460,427476,148,0.009901852379949097
2461,406264,144,0.009931304114242798
2462,399532,141,0.009979717924040664
2463,422629,139,0.009873915818591662
2464,437564,142,0.009980280682855409
2465,408732,137,0.009999714482660167
2466,397474,139,0.009758186123512456
2467,450063,143,0.009834370287713893
2468,414633,150,0.009994617239523187
2469,434056,152,0.009918783420270146
2470,387173,151,0.00983256476984992
2471,393749,154,0.009971481369476334
2472,392601,152,0.009863816504764311
2473,423585,151,0.009961126193491791
2474,436344,150,0.009844367532540529
2475,449826,154,0.00996304826312009
2476,404888,150,0.009967939299289413
2477,407203,150,0.009995629653665399
2478,394083,151,0.009995163446608085
2479,391215,150,0.009863880642717463
2480,407568,148,0.009878224785594754
2481,402566,141,0.009890593755377156
2482,396162,147,0.009987024823112008
2483,398292,143,0.009986158615916764
2484,421592,146,0.009978082061407607
2485,442603,149,0.009960510331210459
2486,406170,151,0.009970685507132933
2487,403946,149,0.009951779293716998
2488,452135,149,0.009947068947265155
2489,428805,148,0.009848573051232087
2490,423751,150,0.00999682551614673
2491,389081,149,0.00992883859615124
2492,428460,150,0.009940804807174072
2493,419640,149,0.009906920657558847
2494,389607,151,0.009982173097301069
2495,434111,153,0.009992898618240903
2496,406456,151,0.009996608274692509
2497,410711,149,0.009858268226989044
2498,401332,154,0.009961533779839235
2499,428025,152,0.009873290990789997
2500,413169,151,0.009912401349103914
2501,391086,151,0.009943468946023774
2502,427111,149,0.00990085513822591
2503,405951,149,0.009740907496864654
2504,415742,152,0.009911222728007837
2505,430190,153,0.009995950343431153
2506,390873,149,0.0099566958471365
2507,408111,147,0.00975423163939022
2508,398857,153,0.009915811005452071
2509,422740,153,0.009991169652127466
2510,399922,152,0.009998253102845897
2511,433730,152,0.009939557220536972
2512,406482,150,0.009949733086114857
2513,391246,150,0.009990995169308679
2514,415974,148,0.009994071032438287
2515,404278,149,0.00988968685851271
2516,425407,150,0.009927082043821395
2517,424179,151,0.009934745494739826
2518,424423,152,0.009887423409456348
2519,451997,153,0.009934619287799755
2520,394295,148,0.009951826879940303
2521,408929,150,0.009943263428711527
2522,419853,151,0.009984889649961949
2523,416291,151,0.00998172413162901
2524,399571,151,0.0099454668777472
2525,434803,153,0.00996570136748323
2526,438176,150,0.009911525486732926
2527,385916,147,0.009996563447090843
2528,423173,152,0.009943379290820445
2529,424629,150,0.009945453084638995
2530,394827,151,0.00993710894383067
2531,389128,151,0.009884084097960034
2532,416337,152,0.009915391005307243
2533,446341,152,0.009974993094825205
2534,423193,149,0.009963906884105821
2535,418841,150,0.00980992131376597
2536,611530,150,0.009954353087707962
2537,431111,152,0.009902588931927218
2538,418515,152,0.00995703584725374
2539,423416,149,0.009952679983682752
2540,402410,147,0.009967462747400947
2541,414602,150,0.009983027580354338
2542,430127,152,0.009996895171343162
2543,394133,149,0.00991660066089678
2544,418062,152,0.009984979305165278
2545,399845,151,0.009976352405638761
2546,384155,150,0.009879082716925074
2547,389572,151,0.009886397202205932
2548,406007,151,0.009952830328562182
2549,405685,151,0.009929009630692976
2550,410132,153,0.009984598615378834
2551,409873,150,0.009956448260844228
2552,411109,151,0.00997168412816694
2553,406405,152,0.009931902045483464
2554,404829,152,0.009995469653610225
2555,444744,148,0.009932281355959088
2556,422667,149,0.009972239300772172
2557,412437,152,0.009997825516491558
2558,428871,147,0.009973484128787631
2559,447633,149,0.009990001375862543
2560,386523,150,0.009932979287234236
2561,447895,152,0.009987887582030201
2562,438735,151,0.009964042056566227
2563,382836,150,0.00997207654209536
2564,409688,151,0.009947531016390006
2565,412696,147,0.00989359030813459
2566,421532,152,0.0098560599503655
2567,424682,154,0.009956986192064204
2568,424126,153,0.009991450341879428
2569,416531,151,0.009928702734035426
2570,407217,151,0.009981708269554575
2571,412852,150,0.009979193096273481
2572,418021,153,0.009987206892140308
2573,418129,152,0.00996686343684946
2574,404560,151,0.009942285497339826
2575,459990,151,0.009993467583954339
2576,422763,150,0.009955438605323656
2577,435249,150,0.009879144785911995
2578,458647,154,0.009974540680876097
2579,411871,151,0.00994510756727847
2580,441650,151,0.009909671692990238
2581,401692,151,0.009968913782384063
2582,414308,148,0.009823391663238505
2583,403380,150,0.00986759374744612
2584,415049,154,0.009931452390155996
2585,396758,150,0.009826161319365973
2586,397770,141,0.00999471999817931
2587,414742,140,0.009836324771146474
2588,406393,140,0.009865626160560746
2589,430574,140,0.009918802040966221
2590,415255,140,0.00981767441988773
2591,383050,140,0.009982373787025444
2592,403116,138,0.009978706889209273
2593,423057,146,0.00999172620404352
2594,395654,143,0.009920418593247791
2595,418057,143,0.009933974459991193
2596,464661,144,0.009991099307275623
2597,443798,146,0.009960191020755524
2598,389358,140,0.009960464813953384
2599,429181,141,0.009999744827498217
2600,415556,148,0.009991111031417596
2601,421806,141,0.009996134481425683
2602,434346,149,0.009995047584499168
2603,443983,142,0.009936270322851836
2604,399292,140,0.009991330341838049
2605,444467,142,0.00994715032660356
2606,427981,141,0.009908182726959562
2607,434085,141,0.009967056540364325
2608,393729,139,0.009935359977710338
2609,399047,140,0.009964660677469199
2610,425194,140,0.009882368924954801
2611,410514,140,0.00997351033569322
2612,415865,142,0.009990854479604993
2613,396732,141,0.009982959304468726
2614,400701,138,0.009982416545660878
2615,419515,140,0.009941853773053025
2616,431862,147,0.009906542726394043
2617,407236,144,0.009827538561220194
2618,411547,146,0.009876417888419961
2619,427513,147,0.009986404822898216
2620,426967,148,0.009934109632451598
2621,394003,153,0.009967332402528414
2622,416894,151,0.009953991018617592
2623,425660,151,0.009994986894823067
2624,403120,147,0.0098492820169938
2625,418260,151,0.009947266878367889
2626,427572,154,0.009980793786480617
2627,425561,154,0.009931901355828054
2628,406912,152,0.009975939302048036
2629,410248,151,0.009914260660089883
2630,402931,152,0.009994268963541022
2631,399724,147,0.009970323438042565
2632,416306,148,0.009977209647313672
2633,395431,150,0.009940635841598567
2634,396747,153,0.009927031009321038
2635,413741,151,0.009819008213451108
2636,429269,151,0.009955864122711766
2637,400471,148,0.00997842757876813
2638,401359,145,0.009987331719769559
2639,418621,143,0.009928413768418541
2640,399087,139,0.009984860684434719
2641,420964,152,0.009936686185064202
2642,421310,148,0.00975041715531626
2643,395748,152,0.00998473930508252
2644,419278,149,0.009969962748263016
2645,406696,147,0.009956327571147438
2646,409813,150,0.009923386870133404
2647,401386,152,0.009741541290186652
2648,417265,152,0.009925226181112476
2649,415925,151,0.009990331031148632
2650,406235,151,0.009992547583637098
2651,402802,151,0.009995823446835672
2652,416824,150,0.009991739997151724
2653,380121,150,0.009973222059731744
2654,422798,150,0.009943199980413786
2655,422880,152,0.009993118618316765
2656,404117,151,0.009831996493791894
2657,390786,153,0.009916124798663724
2658,433432,153,0.009995122756938882
2659,379536,149,0.009954804122346249
2660,422952,150,0.009959130330734596
2661,376134,147,0.009953717225419732
2662,421322,151,0.009984197925585492
2663,424212,152,0.009996722757490606
2664,409849,148,0.009904000656551951
2665,406156,152,0.009978902061690366
2666,420727,148,0.009992994480342925
2667,415742,150,0.009986150340051842
2668,411841,150,0.009950921362386676
2669,429583,151,0.009978399992551722
2670,418115,152,0.00994132135907633
2671,421866,148,0.009985131029355528
2672,401861,149,0.009958208951106535
2673,401605,151,0.009942159290399755
2674,109561,42,0.0025480160510400174
2675,709,1,0.0
2676,2428,4,0.004639229185941098
2677,114,1,0.0
2678,0,1,0.0
2679,1827,5,0.008771770610955383
2680,1620,3,0.007563855022018973
2681,1285,2,0.0006985857581330201
2682,0,2,0.0010684872649956087
2683,398,1,0.0
